TIMESTAMP,TRACK_ID,OBJECT_TYPE,X,Y,CITY_NAME
315975822.30667526,00000000-0000-0000-0000-000000000000,AV,536.673852134066,3007.166654377165,MIA
315975822.30667526,00000000-0000-0000-0000-000000077719,AGENT,540.1748217413996,3008.120164665208,MIA
315975822.30667526,00000000-0000-0000-0000-000000077827,OTHERS,542.2936671226657,2952.9520822180607,MIA
315975822.30667526,00000000-0000-0000-0000-000000077915,OTHERS,551.1343754437581,2981.4392830604365,MIA
315975822.30667526,00000000-0000-0000-0000-000000077626,OTHERS,543.067794780021,2925.7016305430247,MIA
315975822.30667526,00000000-0000-0000-0000-000000077924,OTHERS,570.5466673866365,2999.161641383925,MIA
315975822.30667526,00000000-0000-0000-0000-000000077930,OTHERS,538.8399929627781,3041.317392467656,MIA
315975822.30667526,00000000-0000-0000-0000-000000077933,OTHERS,543.5300227455804,3014.2335278506207,MIA
315975822.30667526,00000000-0000-0000-0000-000000077937,OTHERS,577.4734436455033,2999.419180641475,MIA
315975822.30667526,00000000-0000-0000-0000-000000077951,OTHERS,508.16608497771375,3008.150935413217,MIA
315975822.30667526,00000000-0000-0000-0000-000000077954,OTHERS,487.84430139845114,3003.4765763619275,MIA
315975822.30667526,00000000-0000-0000-0000-000000077960,OTHERS,537.1962531053019,3092.370595337064,MIA
315975822.30667526,00000000-0000-0000-0000-000000077957,OTHERS,584.1946976098799,2999.9858882333037,MIA
315975822.30667526,00000000-0000-0000-0000-000000077770,OTHERS,541.419261815753,2976.960926541115,MIA
315975822.30667526,00000000-0000-0000-0000-000000077854,OTHERS,538.2380322052599,2949.0487741784473,MIA
315975822.30667526,00000000-0000-0000-0000-000000077946,OTHERS,549.7793263014531,2949.4981429229633,MIA
315975822.30667526,00000000-0000-0000-0000-000000077959,OTHERS,481.6155654589638,3005.021818679621,MIA
315975822.30667526,00000000-0000-0000-0000-000000077948,OTHERS,514.8938960174315,3008.061502802105,MIA
315975822.30667526,00000000-0000-0000-0000-000000077953,OTHERS,501.1930056455211,3009.081976081037,MIA
315975822.30667526,00000000-0000-0000-0000-000000077938,OTHERS,548.7253347589651,3071.651891982589,MIA
315975822.30667526,00000000-0000-0000-0000-000000077949,OTHERS,597.4240159253002,2999.9095389146937,MIA
315975822.40112305,00000000-0000-0000-0000-000000000000,AV,536.6878870825676,3006.6005516737537,MIA
315975822.40112305,00000000-0000-0000-0000-000000077719,AGENT,540.1991359389697,3007.091088099083,MIA
315975822.40112305,00000000-0000-0000-0000-000000077827,OTHERS,542.3175348902756,2952.3849826663172,MIA
315975822.40112305,00000000-0000-0000-0000-000000077915,OTHERS,551.2307648717376,2981.1867238463174,MIA
315975822.40112305,00000000-0000-0000-0000-000000077626,OTHERS,542.9637344883793,2924.8077847474824,MIA
315975822.40112305,00000000-0000-0000-0000-000000077924,OTHERS,570.6693277730037,2999.217639615625,MIA
315975822.40112305,00000000-0000-0000-0000-000000077930,OTHERS,538.8493977263571,3039.877556936097,MIA
315975822.40112305,00000000-0000-0000-0000-000000077933,OTHERS,544.0512972478937,3014.253110706772,MIA
315975822.40112305,00000000-0000-0000-0000-000000077937,OTHERS,577.4098842097842,2999.629191529161,MIA
315975822.40112305,00000000-0000-0000-0000-000000077951,OTHERS,508.2952231848287,3007.933436481957,MIA
315975822.40112305,00000000-0000-0000-0000-000000077954,OTHERS,487.38574222031616,3003.526289674904,MIA
315975822.40112305,00000000-0000-0000-0000-000000077960,OTHERS,537.5059795628824,3089.8544684058947,MIA
315975822.40112305,00000000-0000-0000-0000-000000077957,OTHERS,584.1946976098799,2999.9858882333037,MIA
315975822.40112305,00000000-0000-0000-0000-000000077770,OTHERS,541.3692476487936,2975.9402142150952,MIA
315975822.40112305,00000000-0000-0000-0000-000000077854,OTHERS,538.3982499435275,2948.8149319741633,MIA
315975822.40112305,00000000-0000-0000-0000-000000077946,OTHERS,549.6957973352107,2949.577731713848,MIA
315975822.40112305,00000000-0000-0000-0000-000000077959,OTHERS,481.0762535170848,3005.111817473441,MIA
315975822.40112305,00000000-0000-0000-0000-000000077948,OTHERS,514.9909843835447,3008.0235707740367,MIA
315975822.40112305,00000000-0000-0000-0000-000000077953,OTHERS,501.1930056455211,3009.081976081037,MIA
315975822.40112305,00000000-0000-0000-0000-000000077938,OTHERS,548.626162892295,3071.705360991529,MIA
315975822.40112305,00000000-0000-0000-0000-000000077949,OTHERS,597.2198299146665,3000.123838688385,MIA
315975822.5022174,00000000-0000-0000-0000-000000000000,AV,536.6972772573143,3005.9945059748525,MIA
315975822.5022174,00000000-0000-0000-0000-000000077719,AGENT,540.2121403672239,3006.0919963627307,MIA
315975822.5022174,00000000-0000-0000-0000-000000077827,OTHERS,542.0734634641104,2951.5212856370617,MIA
315975822.5022174,00000000-0000-0000-0000-000000077915,OTHERS,551.2307648717376,2981.1867238463174,MIA
315975822.5022174,00000000-0000-0000-0000-000000077626,OTHERS,543.0033743491175,2923.9140194057904,MIA
315975822.5022174,00000000-0000-0000-0000-000000077924,OTHERS,570.2655901869989,2998.8239415841913,MIA
315975822.5022174,00000000-0000-0000-0000-000000077930,OTHERS,538.9734566396936,3038.5955170841376,MIA
315975822.5022174,00000000-0000-0000-0000-000000077933,OTHERS,544.0221666822799,3015.070578222097,MIA
315975822.5022174,00000000-0000-0000-0000-000000077937,OTHERS,577.8716639780498,2999.075088921794,MIA
315975822.5022174,00000000-0000-0000-0000-000000077951,OTHERS,508.3467658076897,3007.8854372256274,MIA
315975822.5022174,00000000-0000-0000-0000-000000077954,OTHERS,487.5267049661437,3003.51577613323,MIA
315975822.5022174,00000000-0000-0000-0000-000000077960,OTHERS,537.1518397360009,3088.8989323416195,MIA
315975822.5022174,00000000-0000-0000-0000-000000077770,OTHERS,541.3820475945539,2974.5879087673875,MIA
315975822.5022174,00000000-0000-0000-0000-000000077854,OTHERS,538.1938136439393,2949.1026609759133,MIA
315975822.5022174,00000000-0000-0000-0000-000000077946,OTHERS,549.6949817674906,2948.9628387482403,MIA
315975822.5022174,00000000-0000-0000-0000-000000077959,OTHERS,481.5075663918422,3004.992484283515,MIA
315975822.5022174,00000000-0000-0000-0000-000000077948,OTHERS,514.8374307656626,3007.970746624544,MIA
315975822.5022174,00000000-0000-0000-0000-000000077953,OTHERS,500.6690505994557,3008.658138768007,MIA
315975822.5022174,00000000-0000-0000-0000-000000077938,OTHERS,548.6919467852279,3071.720892712674,MIA
315975822.5022174,00000000-0000-0000-0000-000000077949,OTHERS,597.2198299146665,3000.123838688385,MIA
315975822.60248166,00000000-0000-0000-0000-000000000000,AV,536.7083639659553,3005.3873215491967,MIA
315975822.60248166,00000000-0000-0000-0000-000000077719,AGENT,540.1596701987561,3004.9371766998656,MIA
315975822.60248166,00000000-0000-0000-0000-000000077827,OTHERS,542.2232018007345,2951.027272758435,MIA
315975822.60248166,00000000-0000-0000-0000-000000077915,OTHERS,551.1714555847761,2981.3668876797474,MIA
315975822.60248166,00000000-0000-0000-0000-000000077626,OTHERS,543.0070654209012,2922.8622906794,MIA
315975822.60248166,00000000-0000-0000-0000-000000077924,OTHERS,570.2655901869989,2998.8239415841913,MIA
315975822.60248166,00000000-0000-0000-0000-000000077930,OTHERS,538.9266387370641,3037.3657815086913,MIA
315975822.60248166,00000000-0000-0000-0000-000000077933,OTHERS,543.9537594458051,3016.570850311406,MIA
315975822.60248166,00000000-0000-0000-0000-000000077937,OTHERS,577.8716639780498,2999.075088921794,MIA
315975822.60248166,00000000-0000-0000-0000-000000077954,OTHERS,487.4645060947621,3003.5059188871096,MIA
315975822.60248166,00000000-0000-0000-0000-000000077951,OTHERS,508.3885601783168,3007.8923248487163,MIA
315975822.60248166,00000000-0000-0000-0000-000000077960,OTHERS,537.1860772690096,3087.6332457831872,MIA
315975822.60248166,00000000-0000-0000-0000-000000077770,OTHERS,541.5740371799121,2974.530079246851,MIA
315975822.60248166,00000000-0000-0000-0000-000000077854,OTHERS,538.214397429868,2949.0533639439677,MIA
315975822.60248166,00000000-0000-0000-0000-000000077946,OTHERS,549.8011220246736,2949.473975729986,MIA
315975822.60248166,00000000-0000-0000-0000-000000077959,OTHERS,481.5566986817083,3005.005928756917,MIA
315975822.60248166,00000000-0000-0000-0000-000000077948,OTHERS,514.90758630058,3007.9166547167474,MIA
315975822.60248166,00000000-0000-0000-0000-000000077953,OTHERS,500.89464498584346,3008.413509135537,MIA
315975822.60248166,00000000-0000-0000-0000-000000077938,OTHERS,548.7431315377723,3071.74460375986,MIA
315975822.60248166,00000000-0000-0000-0000-000000077949,OTHERS,597.2198299146665,3000.123838688385,MIA
315975822.7033301,00000000-0000-0000-0000-000000000000,AV,536.722637440408,3004.714964440077,MIA
315975822.7033301,00000000-0000-0000-0000-000000077719,AGENT,540.2004395000572,3004.1084800779686,MIA
315975822.7033301,00000000-0000-0000-0000-000000077827,OTHERS,542.1668442698768,2950.4047983512737,MIA
315975822.7033301,00000000-0000-0000-0000-000000077915,OTHERS,551.1714555847761,2981.3668876797474,MIA
315975822.7033301,00000000-0000-0000-0000-000000077626,OTHERS,543.0415354497237,2922.1040789875206,MIA
315975822.7033301,00000000-0000-0000-0000-000000077924,OTHERS,570.2655901869989,2998.8239415841913,MIA
315975822.7033301,00000000-0000-0000-0000-000000077930,OTHERS,538.9897835200607,3036.125883926384,MIA
315975822.7033301,00000000-0000-0000-0000-000000077933,OTHERS,543.876291700147,3018.2312483090222,MIA
315975822.7033301,00000000-0000-0000-0000-000000077937,OTHERS,577.8716639780498,2999.075088921794,MIA
315975822.7033301,00000000-0000-0000-0000-000000077951,OTHERS,508.448124975505,3007.937042309022,MIA
315975822.7033301,00000000-0000-0000-0000-000000077954,OTHERS,487.56707913949424,3003.494762985033,MIA
315975822.7033301,00000000-0000-0000-0000-000000077960,OTHERS,537.5974309369367,3086.516038552138,MIA
315975822.7033301,00000000-0000-0000-0000-000000077770,OTHERS,541.5772777183539,2973.6005419912663,MIA
315975822.7033301,00000000-0000-0000-0000-000000077854,OTHERS,538.2269789014755,2949.0434222930144,MIA
315975822.7033301,00000000-0000-0000-0000-000000077946,OTHERS,549.823661696128,2949.560284204177,MIA
315975822.7033301,00000000-0000-0000-0000-000000077959,OTHERS,481.47861454475685,3005.0767983215637,MIA
315975822.7033301,00000000-0000-0000-0000-000000077948,OTHERS,514.8202742421614,3007.848739717956,MIA
315975822.7033301,00000000-0000-0000-0000-000000077953,OTHERS,501.05370557993234,3008.3163946175946,MIA
315975822.7033301,00000000-0000-0000-0000-000000077938,OTHERS,548.5946458754722,3071.6926269794026,MIA
315975822.7033301,00000000-0000-0000-0000-000000077949,OTHERS,597.2198299146665,3000.123838688385,MIA
315975822.80815345,00000000-0000-0000-0000-000000000000,AV,536.7360625348684,3004.107912441232,MIA
315975822.80815345,00000000-0000-0000-0000-000000077719,AGENT,540.2043247492147,3003.1195677628057,MIA
315975822.80815345,00000000-0000-0000-0000-000000077827,OTHERS,542.1288989743224,2949.781665110915,MIA
315975822.80815345,00000000-0000-0000-0000-000000077915,OTHERS,551.1714555847761,2981.3668876797474,MIA
315975822.80815345,00000000-0000-0000-0000-000000077626,OTHERS,543.1120954214824,2921.1665648934263,MIA
315975822.80815345,00000000-0000-0000-0000-000000077924,OTHERS,570.2655901869989,2998.8239415841913,MIA
315975822.80815345,00000000-0000-0000-0000-000000077930,OTHERS,539.1317510254393,3034.812594615048,MIA
315975822.80815345,00000000-0000-0000-0000-000000077933,OTHERS,543.8686758030882,3019.4792197813904,MIA
315975822.80815345,00000000-0000-0000-0000-000000077937,OTHERS,577.8716639780498,2999.075088921794,MIA
315975822.80815345,00000000-0000-0000-0000-000000077938,OTHERS,548.7643227009688,3071.686047462773,MIA
315975822.80815345,00000000-0000-0000-0000-000000077954,OTHERS,487.48065135876953,3003.4922158268514,MIA
315975822.80815345,00000000-0000-0000-0000-000000077967,OTHERS,540.0758029788028,3115.038478560619,MIA
315975822.80815345,00000000-0000-0000-0000-000000077951,OTHERS,508.43689601867857,3007.8840476470727,MIA
315975822.80815345,00000000-0000-0000-0000-000000077960,OTHERS,537.3725002343493,3085.4864823623943,MIA
315975822.80815345,00000000-0000-0000-0000-000000077770,OTHERS,541.5614772962522,2972.1272992892364,MIA
315975822.80815345,00000000-0000-0000-0000-000000077854,OTHERS,538.3469446913981,2949.0767827021123,MIA
315975822.80815345,00000000-0000-0000-0000-000000077946,OTHERS,549.8448717229122,2949.6217796026613,MIA
315975822.80815345,00000000-0000-0000-0000-000000077959,OTHERS,481.62401746947853,3005.1111784262152,MIA
315975822.80815345,00000000-0000-0000-0000-000000077948,OTHERS,514.7008481447419,3007.813651084356,MIA
315975822.80815345,00000000-0000-0000-0000-000000077953,OTHERS,501.2305604879581,3008.2768309771545,MIA
315975822.90835565,00000000-0000-0000-0000-000000000000,AV,536.7523017878397,3003.4363529148577,MIA
315975822.90835565,00000000-0000-0000-0000-000000077626,OTHERS,543.1706337338002,2920.2515149315777,MIA
315975822.90835565,00000000-0000-0000-0000-000000077719,AGENT,540.1823973440024,3002.2431235873064,MIA
315975822.90835565,00000000-0000-0000-0000-000000077827,OTHERS,542.1658108059023,2949.145623962828,MIA
315975822.90835565,00000000-0000-0000-0000-000000077930,OTHERS,539.2390803394081,3033.390830322849,MIA
315975822.90835565,00000000-0000-0000-0000-000000077933,OTHERS,543.7816250479956,3021.2031610486683,MIA
315975822.90835565,00000000-0000-0000-0000-000000077770,OTHERS,541.6372684128554,2971.6190064101847,MIA
315975822.90835565,00000000-0000-0000-0000-000000077854,OTHERS,538.4460552171014,2949.064989833678,MIA
315975822.90835565,00000000-0000-0000-0000-000000077946,OTHERS,549.8783371899713,2948.9070318637678,MIA
315975822.90835565,00000000-0000-0000-0000-000000077951,OTHERS,507.9986179256175,3007.826374630908,MIA
315975822.90835565,00000000-0000-0000-0000-000000077967,OTHERS,540.1470325989674,3116.1216613127144,MIA
315975822.90835565,00000000-0000-0000-0000-000000077960,OTHERS,537.101789010805,3084.260027764987,MIA
315975822.90835565,00000000-0000-0000-0000-000000077948,OTHERS,514.7871618141819,3007.8440002602556,MIA
315975822.90835565,00000000-0000-0000-0000-000000077954,OTHERS,487.48594893001626,3003.4920055736047,MIA
315975822.90835565,00000000-0000-0000-0000-000000077938,OTHERS,548.9248492103703,3071.655328334225,MIA
315975822.90835565,00000000-0000-0000-0000-000000077959,OTHERS,481.329256146176,3005.166126397907,MIA
315975822.90835565,00000000-0000-0000-0000-000000077953,OTHERS,501.0704225773534,3008.2713538241387,MIA
315975823.01323503,00000000-0000-0000-0000-000000000000,AV,536.7670646006686,3002.829978707501,MIA
315975823.01323503,00000000-0000-0000-0000-000000077626,OTHERS,543.1268611950386,2919.3910569047075,MIA
315975823.01323503,00000000-0000-0000-0000-000000077719,AGENT,540.0260652144899,3001.333921231413,MIA
315975823.01323503,00000000-0000-0000-0000-000000077827,OTHERS,542.4282621210951,2948.5368828558753,MIA
315975823.01323503,00000000-0000-0000-0000-000000077930,OTHERS,539.1630878318304,3032.2694144211605,MIA
315975823.01323503,00000000-0000-0000-0000-000000077938,OTHERS,548.5988382208179,3071.6972714747167,MIA
315975823.01323503,00000000-0000-0000-0000-000000077770,OTHERS,541.6335247721482,2970.9041561696918,MIA
315975823.01323503,00000000-0000-0000-0000-000000077854,OTHERS,538.2972438376097,2949.074598181864,MIA
315975823.01323503,00000000-0000-0000-0000-000000077946,OTHERS,549.8201718663072,2949.037496866965,MIA
315975823.01323503,00000000-0000-0000-0000-000000077951,OTHERS,508.4619569459828,3007.857938178667,MIA
315975823.01323503,00000000-0000-0000-0000-000000077953,OTHERS,501.2265024646642,3008.239823086869,MIA
315975823.01323503,00000000-0000-0000-0000-000000077948,OTHERS,514.3358978406374,3007.8562897926813,MIA
315975823.01323503,00000000-0000-0000-0000-000000077933,OTHERS,543.7450521819684,3022.6992118943235,MIA
315975823.01323503,00000000-0000-0000-0000-000000077954,OTHERS,487.56001846139367,3003.506241849001,MIA
315975823.01323503,00000000-0000-0000-0000-000000077960,OTHERS,537.4770584906977,3083.253994880731,MIA
315975823.01323503,00000000-0000-0000-0000-000000077967,OTHERS,540.1470325989674,3116.1216613127144,MIA
315975823.01323503,00000000-0000-0000-0000-000000077959,OTHERS,481.4074280741642,3005.136497172425,MIA
315975823.11615086,00000000-0000-0000-0000-000000000000,AV,536.784099136131,3002.158909460898,MIA
315975823.11615086,00000000-0000-0000-0000-000000077626,OTHERS,543.1501119776467,2918.4467676737127,MIA
315975823.11615086,00000000-0000-0000-0000-000000077719,AGENT,540.2087678805691,3000.2749520933726,MIA
315975823.11615086,00000000-0000-0000-0000-000000077827,OTHERS,542.2747493439356,2947.92265422051,MIA
315975823.11615086,00000000-0000-0000-0000-000000077930,OTHERS,539.3325910933908,3030.722030527057,MIA
315975823.11615086,00000000-0000-0000-0000-000000077938,OTHERS,548.680141819429,3071.8686577561743,MIA
315975823.11615086,00000000-0000-0000-0000-000000077770,OTHERS,541.6205608489852,2969.893857250653,MIA
315975823.11615086,00000000-0000-0000-0000-000000077854,OTHERS,537.9640441173107,2948.377485346559,MIA
315975823.11615086,00000000-0000-0000-0000-000000077946,OTHERS,549.744345841754,2949.385112697638,MIA
315975823.11615086,00000000-0000-0000-0000-000000077951,OTHERS,508.19355250765364,3007.9165638363597,MIA
315975823.11615086,00000000-0000-0000-0000-000000077953,OTHERS,501.2880708519288,3008.175247004772,MIA
315975823.11615086,00000000-0000-0000-0000-000000077933,OTHERS,543.6246076645923,3024.2623161211595,MIA
315975823.11615086,00000000-0000-0000-0000-000000077959,OTHERS,480.8848577035556,3005.0976670870195,MIA
315975823.11615086,00000000-0000-0000-0000-000000077948,OTHERS,514.383963672169,3007.774964419621,MIA
315975823.11615086,00000000-0000-0000-0000-000000077954,OTHERS,487.3117646619933,3003.613351469412,MIA
315975823.11615086,00000000-0000-0000-0000-000000077960,OTHERS,537.3463346717219,3081.8417646966914,MIA
315975823.11615086,00000000-0000-0000-0000-000000077967,OTHERS,540.1470325989674,3116.1216613127144,MIA
315975823.220839,00000000-0000-0000-0000-000000000000,AV,536.801143812189,3001.488916518324,MIA
315975823.220839,00000000-0000-0000-0000-000000077626,OTHERS,543.1617951345098,2917.591506977754,MIA
315975823.220839,00000000-0000-0000-0000-000000077719,AGENT,540.333699341624,2999.495909270596,MIA
315975823.220839,00000000-0000-0000-0000-000000077930,OTHERS,539.2460350884131,3029.8392972474653,MIA
315975823.220839,00000000-0000-0000-0000-000000077938,OTHERS,548.5200040163817,3071.5893964109923,MIA
315975823.220839,00000000-0000-0000-0000-000000077770,OTHERS,541.7546398840892,2968.9928736577185,MIA
315975823.220839,00000000-0000-0000-0000-000000077854,OTHERS,537.9647423276452,2948.3401296339475,MIA
315975823.220839,00000000-0000-0000-0000-000000077946,OTHERS,549.8584192654772,2948.9314131415003,MIA
315975823.220839,00000000-0000-0000-0000-000000077951,OTHERS,507.9660148183766,3007.917276676357,MIA
315975823.220839,00000000-0000-0000-0000-000000077953,OTHERS,501.3814210275722,3008.223125308389,MIA
315975823.220839,00000000-0000-0000-0000-000000077960,OTHERS,537.3143845039815,3080.692783134082,MIA
315975823.220839,00000000-0000-0000-0000-000000077933,OTHERS,543.5822742284581,3025.5348347200734,MIA
315975823.220839,00000000-0000-0000-0000-000000077827,OTHERS,542.2740516728588,2947.413996016511,MIA
315975823.220839,00000000-0000-0000-0000-000000077959,OTHERS,481.5863009493586,3005.1423801207216,MIA
315975823.220839,00000000-0000-0000-0000-000000077948,OTHERS,514.3142318791625,3007.754964946355,MIA
315975823.220839,00000000-0000-0000-0000-000000077954,OTHERS,487.1902806954062,3003.565190059975,MIA
315975823.220839,00000000-0000-0000-0000-000000077967,OTHERS,540.1470325989674,3116.1216613127144,MIA
315975823.31833726,00000000-0000-0000-0000-000000000000,AV,536.8195972988444,3000.879392908213,MIA
315975823.31833726,00000000-0000-0000-0000-000000077626,OTHERS,543.1241358245031,2916.609024434599,MIA
315975823.31833726,00000000-0000-0000-0000-000000077719,AGENT,540.4302162739907,2998.581205013247,MIA
315975823.31833726,00000000-0000-0000-0000-000000077930,OTHERS,539.2449322894588,3028.423845752432,MIA
315975823.31833726,00000000-0000-0000-0000-000000077938,OTHERS,548.7625740771521,3071.6778730932106,MIA
315975823.31833726,00000000-0000-0000-0000-000000077770,OTHERS,541.7695962102802,2968.318726451478,MIA
315975823.31833726,00000000-0000-0000-0000-000000077854,OTHERS,537.9466758400368,2948.3796225091155,MIA
315975823.31833726,00000000-0000-0000-0000-000000077946,OTHERS,549.5991889458385,2949.170103887173,MIA
315975823.31833726,00000000-0000-0000-0000-000000077951,OTHERS,508.3708218220576,3007.947336962344,MIA
315975823.31833726,00000000-0000-0000-0000-000000077953,OTHERS,501.0689659198543,3008.125760520479,MIA
315975823.31833726,00000000-0000-0000-0000-000000077933,OTHERS,543.4851568677925,3026.839229486705,MIA
315975823.31833726,00000000-0000-0000-0000-000000077827,OTHERS,542.2895677855587,2946.7753935361457,MIA
315975823.31833726,00000000-0000-0000-0000-000000077959,OTHERS,481.641748704121,3005.133527976848,MIA
315975823.31833726,00000000-0000-0000-0000-000000077948,OTHERS,514.3399396159127,3007.752454268932,MIA
315975823.31833726,00000000-0000-0000-0000-000000077954,OTHERS,487.3240940891303,3003.5490614803825,MIA
315975823.31833726,00000000-0000-0000-0000-000000077982,OTHERS,542.3120488762328,2929.0399169468346,MIA
315975823.31833726,00000000-0000-0000-0000-000000077960,OTHERS,537.3143845039815,3080.692783134082,MIA
315975823.41586554,00000000-0000-0000-0000-000000000000,AV,536.8373168373637,3000.268934852097,MIA
315975823.41586554,00000000-0000-0000-0000-000000077626,OTHERS,543.3272621696716,2915.790125549774,MIA
315975823.41586554,00000000-0000-0000-0000-000000077719,AGENT,540.1919570525316,2997.876616119335,MIA
315975823.41586554,00000000-0000-0000-0000-000000077930,OTHERS,539.2898916105837,3027.116290328632,MIA
315975823.41586554,00000000-0000-0000-0000-000000077938,OTHERS,548.5833450791137,3071.793070162903,MIA
315975823.41586554,00000000-0000-0000-0000-000000077770,OTHERS,541.7733860092359,2967.3761846557445,MIA
315975823.41586554,00000000-0000-0000-0000-000000077854,OTHERS,537.9706558372725,2948.3419269324236,MIA
315975823.41586554,00000000-0000-0000-0000-000000077946,OTHERS,549.6716438553649,2949.1561145132646,MIA
315975823.41586554,00000000-0000-0000-0000-000000077951,OTHERS,508.0266778297712,3007.9052818632563,MIA
315975823.41586554,00000000-0000-0000-0000-000000077953,OTHERS,501.168522709032,3008.227547852713,MIA
315975823.41586554,00000000-0000-0000-0000-000000077985,OTHERS,571.619852821482,2999.153631061924,MIA
315975823.41586554,00000000-0000-0000-0000-000000077827,OTHERS,542.3238495138492,2946.2298751320727,MIA
315975823.41586554,00000000-0000-0000-0000-000000077980,OTHERS,618.9184533454212,3007.0806669507692,MIA
315975823.41586554,00000000-0000-0000-0000-000000077933,OTHERS,543.4524509403763,3028.4556252164984,MIA
315975823.41586554,00000000-0000-0000-0000-000000077959,OTHERS,481.4545023554309,3005.1946087164824,MIA
315975823.41586554,00000000-0000-0000-0000-000000077948,OTHERS,514.428969477388,3007.7479400754687,MIA
315975823.41586554,00000000-0000-0000-0000-000000077986,OTHERS,570.2964780940247,2999.0436146472857,MIA
315975823.41586554,00000000-0000-0000-0000-000000077954,OTHERS,487.37058569668864,3003.503012625718,MIA
315975823.41586554,00000000-0000-0000-0000-000000077982,OTHERS,542.3120488762328,2929.0399169468346,MIA
315975823.41586554,00000000-0000-0000-0000-000000077960,OTHERS,537.3574249574307,3078.1482743402125,MIA
315975823.52087283,00000000-0000-0000-0000-000000000000,AV,536.8548487287882,2999.6598503731293,MIA
315975823.52087283,00000000-0000-0000-0000-000000077626,OTHERS,543.3512121210487,2914.866744807251,MIA
315975823.52087283,00000000-0000-0000-0000-000000077719,AGENT,540.2535034739901,2996.6922037217523,MIA
315975823.52087283,00000000-0000-0000-0000-000000077930,OTHERS,539.4293945064712,3025.5794419257563,MIA
315975823.52087283,00000000-0000-0000-0000-000000077938,OTHERS,548.5420632006725,3071.6601238530434,MIA
315975823.52087283,00000000-0000-0000-0000-000000077770,OTHERS,541.8512378478929,2966.479196662409,MIA
315975823.52087283,00000000-0000-0000-0000-000000077854,OTHERS,537.9868440787062,2948.3755391136674,MIA
315975823.52087283,00000000-0000-0000-0000-000000077946,OTHERS,549.6697213099859,2949.2420165218014,MIA
315975823.52087283,00000000-0000-0000-0000-000000077951,OTHERS,507.96317939551307,3007.932485690304,MIA
315975823.52087283,00000000-0000-0000-0000-000000077953,OTHERS,501.25860095302215,3008.3675000019416,MIA
315975823.52087283,00000000-0000-0000-0000-000000077985,OTHERS,571.2936316814269,2998.999081470044,MIA
315975823.52087283,00000000-0000-0000-0000-000000077827,OTHERS,542.3595348619682,2945.597189006167,MIA
315975823.52087283,00000000-0000-0000-0000-000000077980,OTHERS,618.8410268710164,3007.335605359811,MIA
315975823.52087283,00000000-0000-0000-0000-000000077989,OTHERS,550.0073421798988,2937.795078726617,MIA
315975823.52087283,00000000-0000-0000-0000-000000077933,OTHERS,543.3793338244725,3030.095307470305,MIA
315975823.52087283,00000000-0000-0000-0000-000000077948,OTHERS,514.3739665764409,3007.733101666447,MIA
315975823.52087283,00000000-0000-0000-0000-000000077986,OTHERS,570.2958239754365,2998.937221196024,MIA
315975823.52087283,00000000-0000-0000-0000-000000077954,OTHERS,487.26102507737886,3003.538034159933,MIA
315975823.52087283,00000000-0000-0000-0000-000000077982,OTHERS,542.3120488762328,2929.0399169468346,MIA
315975823.52087283,00000000-0000-0000-0000-000000077960,OTHERS,537.4515991149407,3077.2529906061877,MIA
315975823.52087283,00000000-0000-0000-0000-000000077959,OTHERS,481.1218267099465,3005.1039522688957,MIA
315975823.62462485,00000000-0000-0000-0000-000000000000,AV,536.875155945843,2998.987115539273,MIA
315975823.62462485,00000000-0000-0000-0000-000000077626,OTHERS,543.3493004335579,2913.989270829649,MIA
315975823.62462485,00000000-0000-0000-0000-000000077719,AGENT,540.3663641435213,2995.7147431660724,MIA
315975823.62462485,00000000-0000-0000-0000-000000077930,OTHERS,539.4477633584008,3024.3687615905487,MIA
315975823.62462485,00000000-0000-0000-0000-000000077938,OTHERS,548.5959048237305,3071.6335933169908,MIA
315975823.62462485,00000000-0000-0000-0000-000000077770,OTHERS,541.845132116591,2965.82186133843,MIA
315975823.62462485,00000000-0000-0000-0000-000000077854,OTHERS,538.0146841133726,2948.369659888201,MIA
315975823.62462485,00000000-0000-0000-0000-000000077946,OTHERS,549.8261139043411,2948.503910048067,MIA
315975823.62462485,00000000-0000-0000-0000-000000077951,OTHERS,507.98369316674,3007.923998880003,MIA
315975823.62462485,00000000-0000-0000-0000-000000077953,OTHERS,501.0367102863245,3008.235264687796,MIA
315975823.62462485,00000000-0000-0000-0000-000000077827,OTHERS,542.3160601481278,2945.0355765376758,MIA
315975823.62462485,00000000-0000-0000-0000-000000077985,OTHERS,570.2448798991846,2999.133602042287,MIA
315975823.62462485,00000000-0000-0000-0000-000000077980,OTHERS,618.860428312648,3007.342049431732,MIA
315975823.62462485,00000000-0000-0000-0000-000000077989,OTHERS,550.238651627,2937.855703374289,MIA
315975823.62462485,00000000-0000-0000-0000-000000077933,OTHERS,543.357884308413,3031.1193447342657,MIA
315975823.62462485,00000000-0000-0000-0000-000000077959,OTHERS,481.1218267099465,3005.1039522688957,MIA
315975823.62462485,00000000-0000-0000-0000-000000077948,OTHERS,514.3382035170654,3007.7311424614313,MIA
315975823.62462485,00000000-0000-0000-0000-000000077986,OTHERS,571.2953009555208,2998.982881766456,MIA
315975823.62462485,00000000-0000-0000-0000-000000077954,OTHERS,487.2787675727098,3003.476255284489,MIA
315975823.62462485,00000000-0000-0000-0000-000000077982,OTHERS,542.603599904849,2926.4982163288832,MIA
315975823.62462485,00000000-0000-0000-0000-000000077960,OTHERS,537.4515991149407,3077.2529906061877,MIA
315975823.72872233,00000000-0000-0000-0000-000000000000,AV,536.8964149761458,2998.314019892954,MIA
315975823.72872233,00000000-0000-0000-0000-000000077626,OTHERS,543.4381902212364,2913.051326181251,MIA
315975823.72872233,00000000-0000-0000-0000-000000077719,AGENT,540.4023459009978,2994.674594444609,MIA
315975823.72872233,00000000-0000-0000-0000-000000077930,OTHERS,539.4368114326821,3023.412999328549,MIA
315975823.72872233,00000000-0000-0000-0000-000000077938,OTHERS,548.4313023897598,3071.7652357279344,MIA
315975823.72872233,00000000-0000-0000-0000-000000077770,OTHERS,541.8927813416636,2964.955511559335,MIA
315975823.72872233,00000000-0000-0000-0000-000000077854,OTHERS,538.4052383112718,2949.0601173592167,MIA
315975823.72872233,00000000-0000-0000-0000-000000077946,OTHERS,549.6368979637069,2949.025759760229,MIA
315975823.72872233,00000000-0000-0000-0000-000000077951,OTHERS,507.9107447835659,3007.9172537252757,MIA
315975823.72872233,00000000-0000-0000-0000-000000077953,OTHERS,500.5988463266861,3008.366823309999,MIA
315975823.72872233,00000000-0000-0000-0000-000000077960,OTHERS,537.646167873265,3074.614994564684,MIA
315975823.72872233,00000000-0000-0000-0000-000000077988,OTHERS,520.0690651579084,2990.785289610172,MIA
315975823.72872233,00000000-0000-0000-0000-000000077827,OTHERS,542.3247270654542,2944.5347872547404,MIA
315975823.72872233,00000000-0000-0000-0000-000000077980,OTHERS,618.8352295727367,3007.3310299796776,MIA
315975823.72872233,00000000-0000-0000-0000-000000077985,OTHERS,570.2692208597781,2999.2108404120845,MIA
315975823.72872233,00000000-0000-0000-0000-000000077989,OTHERS,550.3872439521994,2937.5852265579992,MIA
315975823.72872233,00000000-0000-0000-0000-000000077933,OTHERS,543.3994390956977,3032.481135509761,MIA
315975823.72872233,00000000-0000-0000-0000-000000077959,OTHERS,481.1218267099465,3005.1039522688957,MIA
315975823.72872233,00000000-0000-0000-0000-000000077948,OTHERS,514.3445307352579,3007.7408553747496,MIA
315975823.72872233,00000000-0000-0000-0000-000000077986,OTHERS,571.2953009555208,2998.982881766456,MIA
315975823.72872233,00000000-0000-0000-0000-000000077954,OTHERS,487.3437265643557,3003.5750918781096,MIA
315975823.72872233,00000000-0000-0000-0000-000000077982,OTHERS,542.4393975923501,2925.581919798225,MIA
315975823.83002955,00000000-0000-0000-0000-000000000000,AV,536.9160091727375,2997.7037359709648,MIA
315975823.83002955,00000000-0000-0000-0000-000000077626,OTHERS,543.4381902212364,2913.051326181251,MIA
315975823.83002955,00000000-0000-0000-0000-000000077719,AGENT,540.4619006393168,2993.4873203105035,MIA
315975823.83002955,00000000-0000-0000-0000-000000077930,OTHERS,539.4946979800218,3022.0891014816107,MIA
315975823.83002955,00000000-0000-0000-0000-000000077938,OTHERS,548.9323883363552,3071.730292486648,MIA
315975823.83002955,00000000-0000-0000-0000-000000077770,OTHERS,541.8700686614898,2963.9267243898853,MIA
315975823.83002955,00000000-0000-0000-0000-000000077854,OTHERS,538.4468174369247,2948.9596924299017,MIA
315975823.83002955,00000000-0000-0000-0000-000000077946,OTHERS,549.6496782288422,2949.169959035071,MIA
315975823.83002955,00000000-0000-0000-0000-000000077951,OTHERS,507.92521234048934,3007.9555990232757,MIA
315975823.83002955,00000000-0000-0000-0000-000000077953,OTHERS,500.9359846533595,3008.2637833001368,MIA
315975823.83002955,00000000-0000-0000-0000-000000077988,OTHERS,519.6892221000493,2990.810632782571,MIA
315975823.83002955,00000000-0000-0000-0000-000000077827,OTHERS,542.3729894228771,2944.065838475856,MIA
315975823.83002955,00000000-0000-0000-0000-000000077980,OTHERS,618.9531277865357,3007.044290866514,MIA
315975823.83002955,00000000-0000-0000-0000-000000077985,OTHERS,570.2404481558929,2999.267899422385,MIA
315975823.83002955,00000000-0000-0000-0000-000000077989,OTHERS,550.3476002885476,2937.624575792161,MIA
315975823.83002955,00000000-0000-0000-0000-000000077933,OTHERS,543.3175297277365,3034.042430741944,MIA
315975823.83002955,00000000-0000-0000-0000-000000077986,OTHERS,571.2953009555208,2998.982881766456,MIA
315975823.83002955,00000000-0000-0000-0000-000000077954,OTHERS,487.55026411224935,3003.3814829118737,MIA
315975823.83002955,00000000-0000-0000-0000-000000077982,OTHERS,542.4393975923501,2925.581919798225,MIA
315975823.83002955,00000000-0000-0000-0000-000000077960,OTHERS,537.6863094022336,3073.39505513251,MIA
315975823.83002955,00000000-0000-0000-0000-000000077948,OTHERS,514.333298509767,3007.686715557836,MIA
315975823.83002955,00000000-0000-0000-0000-000000077959,OTHERS,481.1218267099465,3005.1039522688957,MIA
315975823.9292878,00000000-0000-0000-0000-000000000000,AV,536.9360813224158,2997.0963601726257,MIA
315975823.9292878,00000000-0000-0000-0000-000000077626,OTHERS,544.0256883201171,2911.265181034555,MIA
315975823.9292878,00000000-0000-0000-0000-000000077930,OTHERS,539.5412003548191,3020.8096927218926,MIA
315975823.9292878,00000000-0000-0000-0000-000000077719,AGENT,540.4849094019191,2992.621139658099,MIA
315975823.9292878,00000000-0000-0000-0000-000000077938,OTHERS,549.4069244687468,3071.7461285432105,MIA
315975823.9292878,00000000-0000-0000-0000-000000077770,OTHERS,541.9439881881243,2963.2773154495612,MIA
315975823.9292878,00000000-0000-0000-0000-000000077854,OTHERS,538.2839464141497,2949.0245508414746,MIA
315975823.9292878,00000000-0000-0000-0000-000000077946,OTHERS,549.7119592103247,2948.68719236405,MIA
315975823.9292878,00000000-0000-0000-0000-000000077951,OTHERS,507.88403108897285,3007.998388482391,MIA
315975823.9292878,00000000-0000-0000-0000-000000077953,OTHERS,500.4893706323594,3008.3028382193793,MIA
315975823.9292878,00000000-0000-0000-0000-000000077988,OTHERS,519.6281039629275,2990.8480739632546,MIA
315975823.9292878,00000000-0000-0000-0000-000000077989,OTHERS,550.3966434835269,2937.582896642215,MIA
315975823.9292878,00000000-0000-0000-0000-000000077827,OTHERS,542.3805348707008,2943.4730702495726,MIA
315975823.9292878,00000000-0000-0000-0000-000000077980,OTHERS,618.9431637851343,3006.615361210943,MIA
315975823.9292878,00000000-0000-0000-0000-000000077985,OTHERS,570.3514889785117,2999.2956121814227,MIA
315975823.9292878,00000000-0000-0000-0000-000000077933,OTHERS,543.2991670768936,3035.6221995207397,MIA
315975823.9292878,00000000-0000-0000-0000-000000077986,OTHERS,571.2953009555208,2998.982881766456,MIA
315975823.9292878,00000000-0000-0000-0000-000000077954,OTHERS,487.5464948622025,3003.3897472687568,MIA
315975823.9292878,00000000-0000-0000-0000-000000077982,OTHERS,542.4393975923501,2925.581919798225,MIA
315975823.9292878,00000000-0000-0000-0000-000000077960,OTHERS,537.9280222079412,3072.3120547051344,MIA
315975823.9292878,00000000-0000-0000-0000-000000077948,OTHERS,514.3469781080604,3007.7135004309557,MIA
315975824.0320772,00000000-0000-0000-0000-000000000000,AV,536.9571405136364,2996.425400163317,MIA
315975824.0320772,00000000-0000-0000-0000-000000077626,OTHERS,544.0256883201171,2911.265181034555,MIA
315975824.0320772,00000000-0000-0000-0000-000000077930,OTHERS,539.5432774853773,3019.5942415986547,MIA
315975824.0320772,00000000-0000-0000-0000-000000077719,AGENT,540.5290658417423,2991.600587005845,MIA
315975824.0320772,00000000-0000-0000-0000-000000077938,OTHERS,549.6610070979447,3071.7156808947198,MIA
315975824.0320772,00000000-0000-0000-0000-000000077770,OTHERS,541.9348750783936,2962.5665571497557,MIA
315975824.0320772,00000000-0000-0000-0000-000000077854,OTHERS,538.400771175691,2949.064575429545,MIA
315975824.0320772,00000000-0000-0000-0000-000000077946,OTHERS,549.8194553969253,2948.60690517481,MIA
315975824.0320772,00000000-0000-0000-0000-000000077951,OTHERS,507.8679504446653,3007.994770235435,MIA
315975824.0320772,00000000-0000-0000-0000-000000077827,OTHERS,542.4164360100634,2942.940559219502,MIA
315975824.0320772,00000000-0000-0000-0000-000000077978,OTHERS,478.4153904064135,3011.6285344074463,MIA
315975824.0320772,00000000-0000-0000-0000-000000077989,OTHERS,550.3966434835269,2937.582896642215,MIA
315975824.0320772,00000000-0000-0000-0000-000000077985,OTHERS,570.4931782341366,2999.524128339076,MIA
315975824.0320772,00000000-0000-0000-0000-000000077988,OTHERS,519.4991404566964,2990.927395169624,MIA
315975824.0320772,00000000-0000-0000-0000-000000077980,OTHERS,618.9431637851343,3006.615361210943,MIA
315975824.0320772,00000000-0000-0000-0000-000000077933,OTHERS,543.387035430007,3036.922037332752,MIA
315975824.0320772,00000000-0000-0000-0000-000000077954,OTHERS,487.5112169635606,3003.4466231229035,MIA
315975824.0320772,00000000-0000-0000-0000-000000077982,OTHERS,542.4393975923501,2925.581919798225,MIA
315975824.0320772,00000000-0000-0000-0000-000000077960,OTHERS,537.8186318980878,3071.1195643835804,MIA
315975824.0320772,00000000-0000-0000-0000-000000077948,OTHERS,514.3330039359762,3007.7244198863,MIA
315975824.0320772,00000000-0000-0000-0000-000000077953,OTHERS,501.06268604571375,3008.323432146225,MIA
315975824.12893605,00000000-0000-0000-0000-000000000000,AV,536.9760206086727,2995.8216755291155,MIA
315975824.12893605,00000000-0000-0000-0000-000000077827,OTHERS,542.4777575810812,2942.45862926986,MIA
315975824.12893605,00000000-0000-0000-0000-000000077930,OTHERS,539.650742610558,3018.532087136768,MIA
315975824.12893605,00000000-0000-0000-0000-000000077719,AGENT,540.470397302317,2990.626889435506,MIA
315975824.12893605,00000000-0000-0000-0000-000000077938,OTHERS,549.3990376994251,3071.6575601527447,MIA
315975824.12893605,00000000-0000-0000-0000-000000077770,OTHERS,542.0351966835966,2961.799474325516,MIA
315975824.12893605,00000000-0000-0000-0000-000000077854,OTHERS,538.3719013031139,2949.0795421776525,MIA
315975824.12893605,00000000-0000-0000-0000-000000077946,OTHERS,549.8125732378563,2948.5050639986853,MIA
315975824.12893605,00000000-0000-0000-0000-000000077951,OTHERS,508.1321309733364,3007.984615082385,MIA
315975824.12893605,00000000-0000-0000-0000-000000077988,OTHERS,519.6961035113333,2990.9850544119104,MIA
315975824.12893605,00000000-0000-0000-0000-000000077985,OTHERS,570.290284605968,2999.472285088945,MIA
315975824.12893605,00000000-0000-0000-0000-000000077626,OTHERS,544.0256883201171,2911.265181034555,MIA
315975824.12893605,00000000-0000-0000-0000-000000077948,OTHERS,514.3288672533077,3007.723636871529,MIA
315975824.12893605,00000000-0000-0000-0000-000000077953,OTHERS,500.63545511088967,3008.3484876385724,MIA
315975824.12893605,00000000-0000-0000-0000-000000077978,OTHERS,478.44174047610505,3011.8011974223346,MIA
315975824.12893605,00000000-0000-0000-0000-000000077989,OTHERS,550.1967986605547,2937.882590123784,MIA
315975824.12893605,00000000-0000-0000-0000-000000077980,OTHERS,619.0115976011363,3006.693295005815,MIA
315975824.12893605,00000000-0000-0000-0000-000000077933,OTHERS,543.387035430007,3036.922037332752,MIA
315975824.12893605,00000000-0000-0000-0000-000000077954,OTHERS,488.1909706714284,3003.4220807561933,MIA
315975824.12893605,00000000-0000-0000-0000-000000077960,OTHERS,537.6564740366996,3069.9823805518986,MIA
315975824.2356049,00000000-0000-0000-0000-000000000000,AV,536.9949971894155,2995.1538678850156,MIA
315975824.2356049,00000000-0000-0000-0000-000000077827,OTHERS,542.3500670384974,2942.063167361919,MIA
315975824.2356049,00000000-0000-0000-0000-000000077930,OTHERS,539.6900094104773,3017.3594775113506,MIA
315975824.2356049,00000000-0000-0000-0000-000000077719,AGENT,540.512243755163,2989.6237980870783,MIA
315975824.2356049,00000000-0000-0000-0000-000000077938,OTHERS,549.4328045494336,3071.683405602132,MIA
315975824.2356049,00000000-0000-0000-0000-000000077770,OTHERS,542.0309071627981,2960.952999000649,MIA
315975824.2356049,00000000-0000-0000-0000-000000077854,OTHERS,538.3783118407662,2949.066363104499,MIA
315975824.2356049,00000000-0000-0000-0000-000000077946,OTHERS,549.6701695579119,2948.667484983161,MIA
315975824.2356049,00000000-0000-0000-0000-000000077951,OTHERS,507.95312978393827,3007.866805174269,MIA
315975824.2356049,00000000-0000-0000-0000-000000077988,OTHERS,519.5231473769052,2991.02772605609,MIA
315975824.2356049,00000000-0000-0000-0000-000000077985,OTHERS,570.290284605968,2999.472285088945,MIA
315975824.2356049,00000000-0000-0000-0000-000000077626,OTHERS,544.0256883201171,2911.265181034555,MIA
315975824.2356049,00000000-0000-0000-0000-000000077948,OTHERS,514.3519184380526,3007.719465242625,MIA
315975824.2356049,00000000-0000-0000-0000-000000077953,OTHERS,500.7083663222903,3008.3427585578866,MIA
315975824.2356049,00000000-0000-0000-0000-000000077978,OTHERS,478.45639578161484,3011.647609091104,MIA
315975824.2356049,00000000-0000-0000-0000-000000077989,OTHERS,550.1474824812317,2937.7422512645376,MIA
315975824.2356049,00000000-0000-0000-0000-000000077980,OTHERS,619.0631855918423,3006.84349997588,MIA
315975824.2356049,00000000-0000-0000-0000-000000077933,OTHERS,543.387035430007,3036.922037332752,MIA
315975824.2356049,00000000-0000-0000-0000-000000077954,OTHERS,488.1909706714284,3003.4220807561933,MIA
315975824.2356049,00000000-0000-0000-0000-000000077960,OTHERS,537.6564740366996,3069.9823805518986,MIA
315975824.33099633,00000000-0000-0000-0000-000000000000,AV,537.0096280307582,2994.614922360391,MIA
315975824.33099633,00000000-0000-0000-0000-000000077978,OTHERS,478.45639578161484,3011.647609091104,MIA
315975824.33099633,00000000-0000-0000-0000-000000077989,OTHERS,549.9292183742622,2937.4297860229467,MIA
315975824.33099633,00000000-0000-0000-0000-000000077933,OTHERS,543.387035430007,3036.922037332752,MIA
315975824.33099633,00000000-0000-0000-0000-000000077980,OTHERS,619.0631855918423,3006.84349997588,MIA
315975824.33099633,00000000-0000-0000-0000-000000077988,OTHERS,519.3309051038217,2991.072076095588,MIA
315975824.33099633,00000000-0000-0000-0000-000000077854,OTHERS,538.3265819600405,2949.040019254915,MIA
315975824.33099633,00000000-0000-0000-0000-000000077770,OTHERS,542.0590717138742,2960.3026858088924,MIA
315975824.33099633,00000000-0000-0000-0000-000000077985,OTHERS,570.290284605968,2999.472285088945,MIA
315975824.33099633,00000000-0000-0000-0000-000000077954,OTHERS,487.6369165262522,3003.529946892428,MIA
315975824.33099633,00000000-0000-0000-0000-000000077719,AGENT,540.6822286794452,2988.4026349949586,MIA
315975824.33099633,00000000-0000-0000-0000-000000077948,OTHERS,514.3140136336223,3007.7217868110283,MIA
315975824.33099633,00000000-0000-0000-0000-000000077960,OTHERS,537.8170311911542,3067.461615239894,MIA
315975824.33099633,00000000-0000-0000-0000-000000077953,OTHERS,500.66250792805687,3008.3408425827056,MIA
315975824.33099633,00000000-0000-0000-0000-000000077951,OTHERS,507.9154671281004,3007.8828150183954,MIA
315975824.33099633,00000000-0000-0000-0000-000000077946,OTHERS,549.7273057993374,2948.970171548379,MIA
315975824.33099633,00000000-0000-0000-0000-000000077930,OTHERS,539.7167147903754,3016.1306848260706,MIA
315975824.33099633,00000000-0000-0000-0000-000000077938,OTHERS,549.4737300331788,3071.7387877797355,MIA
315975824.33099633,00000000-0000-0000-0000-000000077827,OTHERS,542.6900349953793,2941.5746561290803,MIA
315975824.4344505,00000000-0000-0000-0000-000000000000,AV,537.0275574862263,2993.961882452689,MIA
315975824.4344505,00000000-0000-0000-0000-000000077719,AGENT,540.6397441255531,2987.3655727999394,MIA
315975824.4344505,00000000-0000-0000-0000-000000077827,OTHERS,542.6503059766966,2941.090203264237,MIA
315975824.4344505,00000000-0000-0000-0000-000000077938,OTHERS,549.4737300331788,3071.7387877797355,MIA
315975824.4344505,00000000-0000-0000-0000-000000077930,OTHERS,539.7405884423954,3014.647789750144,MIA
315975824.4344505,00000000-0000-0000-0000-000000077951,OTHERS,508.1304640470103,3007.9016608220995,MIA
315975824.4344505,00000000-0000-0000-0000-000000077953,OTHERS,501.89492151854836,3008.5497640175818,MIA
315975824.4344505,00000000-0000-0000-0000-000000077960,OTHERS,537.685696309859,3066.474236531457,MIA
315975824.4344505,00000000-0000-0000-0000-000000077948,OTHERS,514.314298798154,3007.710910004895,MIA
315975824.4344505,00000000-0000-0000-0000-000000078004,OTHERS,516.4582529883513,2992.7680853051697,MIA
315975824.4344505,00000000-0000-0000-0000-000000077770,OTHERS,542.0698821801789,2959.486735777847,MIA
315975824.4344505,00000000-0000-0000-0000-000000077854,OTHERS,538.400940217109,2949.062676359955,MIA
315975824.4344505,00000000-0000-0000-0000-000000077946,OTHERS,549.6786854485489,2949.0961867058477,MIA
315975824.4344505,00000000-0000-0000-0000-000000077954,OTHERS,488.15961450021024,3003.6581696061994,MIA
315975824.4344505,00000000-0000-0000-0000-000000077985,OTHERS,570.290284605968,2999.472285088945,MIA
315975824.4344505,00000000-0000-0000-0000-000000077988,OTHERS,519.2843900461755,2991.1514778480964,MIA
315975824.4344505,00000000-0000-0000-0000-000000077980,OTHERS,619.0631855918423,3006.84349997588,MIA
315975824.4344505,00000000-0000-0000-0000-000000077989,OTHERS,549.9292183742622,2937.4297860229467,MIA
315975824.5301485,00000000-0000-0000-0000-000000000000,AV,537.0430484027057,2993.369512616457,MIA
315975824.5301485,00000000-0000-0000-0000-000000077719,AGENT,540.8006245481195,2986.1957753798224,MIA
315975824.5301485,00000000-0000-0000-0000-000000077827,OTHERS,542.4905573153392,2940.536718956009,MIA
315975824.5301485,00000000-0000-0000-0000-000000077938,OTHERS,549.4737300331788,3071.7387877797355,MIA
315975824.5301485,00000000-0000-0000-0000-000000077930,OTHERS,539.8283791479862,3013.358046139976,MIA
315975824.5301485,00000000-0000-0000-0000-000000077951,OTHERS,508.8751510230797,3008.0884782925964,MIA
315975824.5301485,00000000-0000-0000-0000-000000077953,OTHERS,500.35727215828086,3008.08635559731,MIA
315975824.5301485,00000000-0000-0000-0000-000000077960,OTHERS,537.8570849117842,3065.051917751653,MIA
315975824.5301485,00000000-0000-0000-0000-000000077948,OTHERS,514.3296185056578,3007.7195234876954,MIA
315975824.5301485,00000000-0000-0000-0000-000000077770,OTHERS,542.0679581343671,2958.789968262997,MIA
315975824.5301485,00000000-0000-0000-0000-000000077854,OTHERS,538.3487411852868,2949.061514374489,MIA
315975824.5301485,00000000-0000-0000-0000-000000077946,OTHERS,549.7351143528397,2948.4988569557977,MIA
315975824.5301485,00000000-0000-0000-0000-000000077954,OTHERS,487.83399877037834,3003.2625242595427,MIA
315975824.5301485,00000000-0000-0000-0000-000000077988,OTHERS,519.2843900461755,2991.1514778480964,MIA
315975824.5301485,00000000-0000-0000-0000-000000078004,OTHERS,516.406696326173,2992.7568020144186,MIA
315975824.5301485,00000000-0000-0000-0000-000000077980,OTHERS,619.0631855918423,3006.84349997588,MIA
315975824.5301485,00000000-0000-0000-0000-000000077989,OTHERS,550.0892074293274,2937.6352611910643,MIA
315975824.63326234,00000000-0000-0000-0000-000000000000,AV,537.0584688310886,2992.777019544901,MIA
315975824.63326234,00000000-0000-0000-0000-000000077719,AGENT,540.6943299123892,2985.380711707227,MIA
315975824.63326234,00000000-0000-0000-0000-000000077827,OTHERS,542.400902591599,2940.1187589428932,MIA
315975824.63326234,00000000-0000-0000-0000-000000077930,OTHERS,539.8823823350376,3012.229370200455,MIA
315975824.63326234,00000000-0000-0000-0000-000000077938,OTHERS,549.4737300331788,3071.7387877797355,MIA
315975824.63326234,00000000-0000-0000-0000-000000077951,OTHERS,506.5317325159957,3007.5258632037803,MIA
315975824.63326234,00000000-0000-0000-0000-000000077953,OTHERS,500.585792894084,3008.3793878022716,MIA
315975824.63326234,00000000-0000-0000-0000-000000077960,OTHERS,537.9365895657014,3063.74701928931,MIA
315975824.63326234,00000000-0000-0000-0000-000000077770,OTHERS,542.1414974290478,2958.17468857924,MIA
315975824.63326234,00000000-0000-0000-0000-000000077854,OTHERS,538.3278617764058,2949.057451754125,MIA
315975824.63326234,00000000-0000-0000-0000-000000077946,OTHERS,549.7959300583522,2948.4117412638466,MIA
315975824.63326234,00000000-0000-0000-0000-000000078006,OTHERS,542.818639817134,2917.5003361614795,MIA
315975824.63326234,00000000-0000-0000-0000-000000077954,OTHERS,487.9997245172261,3002.7690543120752,MIA
315975824.63326234,00000000-0000-0000-0000-000000077988,OTHERS,519.2843900461755,2991.1514778480964,MIA
315975824.63326234,00000000-0000-0000-0000-000000078004,OTHERS,516.406696326173,2992.7568020144186,MIA
315975824.63326234,00000000-0000-0000-0000-000000077989,OTHERS,550.0892074293274,2937.6352611910643,MIA
315975824.63326234,00000000-0000-0000-0000-000000077978,OTHERS,478.45928786646317,3011.755266072743,MIA
315975824.63326234,00000000-0000-0000-0000-000000077948,OTHERS,514.4974132222768,3007.698188108292,MIA
315975824.73427373,00000000-0000-0000-0000-000000000000,AV,537.0757100215428,2992.1412310137416,MIA
315975824.73427373,00000000-0000-0000-0000-000000077992,OTHERS,489.0120900388637,3010.6090065543544,MIA
315975824.73427373,00000000-0000-0000-0000-000000077719,AGENT,540.7286745223745,2984.349302550603,MIA
315975824.73427373,00000000-0000-0000-0000-000000077827,OTHERS,542.4946936197433,2939.660108178421,MIA
315975824.73427373,00000000-0000-0000-0000-000000077930,OTHERS,539.9103128782707,3011.1242119571853,MIA
315975824.73427373,00000000-0000-0000-0000-000000077951,OTHERS,507.7061876379474,3007.730051493633,MIA
315975824.73427373,00000000-0000-0000-0000-000000077953,OTHERS,500.93681767189867,3008.395684912494,MIA
315975824.73427373,00000000-0000-0000-0000-000000077960,OTHERS,537.6864877295814,3062.6379748903664,MIA
315975824.73427373,00000000-0000-0000-0000-000000077948,OTHERS,515.2838345587774,3007.943400970433,MIA
315975824.73427373,00000000-0000-0000-0000-000000077954,OTHERS,488.1147541848621,3003.1445820593763,MIA
315975824.73427373,00000000-0000-0000-0000-000000077988,OTHERS,519.487448479471,2991.7128190776702,MIA
315975824.73427373,00000000-0000-0000-0000-000000077770,OTHERS,542.1210878635533,2957.3524416690166,MIA
315975824.73427373,00000000-0000-0000-0000-000000077854,OTHERS,538.3676089365431,2949.099823008916,MIA
315975824.73427373,00000000-0000-0000-0000-000000077946,OTHERS,549.8662035907256,2948.413784495762,MIA
315975824.73427373,00000000-0000-0000-0000-000000078006,OTHERS,542.9441548827481,2916.453695614044,MIA
315975824.73427373,00000000-0000-0000-0000-000000078004,OTHERS,516.406696326173,2992.7568020144186,MIA
315975824.73427373,00000000-0000-0000-0000-000000077989,OTHERS,550.0892074293274,2937.6352611910643,MIA
315975824.73427373,00000000-0000-0000-0000-000000077978,OTHERS,478.2289030450971,3011.634569089239,MIA
315975824.83264434,00000000-0000-0000-0000-000000000000,AV,537.0907451949245,2991.5638988301976,MIA
315975824.83264434,00000000-0000-0000-0000-000000077992,OTHERS,489.41019774989456,3010.59108153169,MIA
315975824.83264434,00000000-0000-0000-0000-000000077719,AGENT,540.7952357238032,2983.2777803545314,MIA
315975824.83264434,00000000-0000-0000-0000-000000077827,OTHERS,542.4510572148484,2939.2186091138733,MIA
315975824.83264434,00000000-0000-0000-0000-000000077930,OTHERS,539.963470331216,3009.882926091237,MIA
315975824.83264434,00000000-0000-0000-0000-000000077951,OTHERS,508.087762820098,3007.869857973305,MIA
315975824.83264434,00000000-0000-0000-0000-000000077953,OTHERS,500.6252959647975,3008.318531031805,MIA
315975824.83264434,00000000-0000-0000-0000-000000077960,OTHERS,537.6426448595106,3061.514828445177,MIA
315975824.83264434,00000000-0000-0000-0000-000000077948,OTHERS,514.406480848291,3007.3952865036267,MIA
315975824.83264434,00000000-0000-0000-0000-000000077954,OTHERS,487.90348039140287,3003.347186919951,MIA
315975824.83264434,00000000-0000-0000-0000-000000077988,OTHERS,519.4084300976401,2991.8084301052245,MIA
315975824.83264434,00000000-0000-0000-0000-000000077770,OTHERS,542.2112972955969,2956.8681795255793,MIA
315975824.83264434,00000000-0000-0000-0000-000000077854,OTHERS,538.363487322881,2949.076118506762,MIA
315975824.83264434,00000000-0000-0000-0000-000000077946,OTHERS,549.8615157928068,2948.421940278621,MIA
315975824.83264434,00000000-0000-0000-0000-000000078006,OTHERS,543.0339366170635,2915.5937202412465,MIA
315975824.83264434,00000000-0000-0000-0000-000000077989,OTHERS,550.0892074293274,2937.6352611910643,MIA
315975824.83264434,00000000-0000-0000-0000-000000077978,OTHERS,478.2289030450971,3011.634569089239,MIA
315975824.9296806,00000000-0000-0000-0000-000000000000,AV,537.1062039942526,2990.9908433430687,MIA
315975824.9296806,00000000-0000-0000-0000-000000077827,OTHERS,542.5642434328997,2938.827174592259,MIA
315975824.9296806,00000000-0000-0000-0000-000000077930,OTHERS,540.00453448691,3008.678242203243,MIA
315975824.9296806,00000000-0000-0000-0000-000000077951,OTHERS,507.9003487336629,3007.9117541795904,MIA
315975824.9296806,00000000-0000-0000-0000-000000077953,OTHERS,501.5240180354509,3008.459131745109,MIA
315975824.9296806,00000000-0000-0000-0000-000000077960,OTHERS,537.7416834583615,3060.2394082210176,MIA
315975824.9296806,00000000-0000-0000-0000-000000077948,OTHERS,514.2301186969038,3007.6832902744804,MIA
315975824.9296806,00000000-0000-0000-0000-000000077978,OTHERS,478.2289030450971,3011.634569089239,MIA
315975824.9296806,00000000-0000-0000-0000-000000077719,AGENT,540.8342284964357,2982.233370608041,MIA
315975824.9296806,00000000-0000-0000-0000-000000077954,OTHERS,488.01529535318224,3003.449248645665,MIA
315975824.9296806,00000000-0000-0000-0000-000000077988,OTHERS,519.2936461213783,2991.901092309932,MIA
315975824.9296806,00000000-0000-0000-0000-000000077770,OTHERS,542.2412385645844,2955.925073504923,MIA
315975824.9296806,00000000-0000-0000-0000-000000077854,OTHERS,538.2206211237739,2949.005965873689,MIA
315975824.9296806,00000000-0000-0000-0000-000000077946,OTHERS,549.784627396889,2948.2506963190144,MIA
315975824.9296806,00000000-0000-0000-0000-000000078006,OTHERS,542.97914095508,2914.673318054932,MIA
315975825.0360244,00000000-0000-0000-0000-000000000000,AV,537.1247440554342,2990.3661421491715,MIA
315975825.0360244,00000000-0000-0000-0000-000000077827,OTHERS,542.5217137045596,2938.4431173192797,MIA
315975825.0360244,00000000-0000-0000-0000-000000077930,OTHERS,540.0286080654133,3007.500904836499,MIA
315975825.0360244,00000000-0000-0000-0000-000000077951,OTHERS,508.81280810995537,3007.9077817237653,MIA
315975825.0360244,00000000-0000-0000-0000-000000077960,OTHERS,537.7632765259575,3059.1429479168028,MIA
315975825.0360244,00000000-0000-0000-0000-000000077948,OTHERS,514.2887692440288,3007.732288665369,MIA
315975825.0360244,00000000-0000-0000-0000-000000077953,OTHERS,500.6614806619293,3008.3909586396207,MIA
315975825.0360244,00000000-0000-0000-0000-000000077719,AGENT,540.8769042216901,2981.209199949013,MIA
315975825.0360244,00000000-0000-0000-0000-000000077954,OTHERS,488.0717364393937,3003.2862964757483,MIA
315975825.0360244,00000000-0000-0000-0000-000000078007,OTHERS,532.5911723830787,2968.986253038113,MIA
315975825.0360244,00000000-0000-0000-0000-000000077988,OTHERS,519.2024151786644,2992.023545928519,MIA
315975825.0360244,00000000-0000-0000-0000-000000077770,OTHERS,542.2391631544075,2955.338711173412,MIA
315975825.0360244,00000000-0000-0000-0000-000000077854,OTHERS,538.3371432421209,2949.0572254526282,MIA
315975825.0360244,00000000-0000-0000-0000-000000077946,OTHERS,549.4865380669564,2948.0376332706487,MIA
315975825.0360244,00000000-0000-0000-0000-000000078006,OTHERS,542.9982436284732,2913.8521616597027,MIA
315975825.0360244,00000000-0000-0000-0000-000000077978,OTHERS,478.2289030450971,3011.634569089239,MIA
315975825.13519686,00000000-0000-0000-0000-000000000000,AV,537.1389730907539,2989.8113733877417,MIA
315975825.13519686,00000000-0000-0000-0000-000000077827,OTHERS,542.4029308148182,2938.0589698383183,MIA
315975825.13519686,00000000-0000-0000-0000-000000077930,OTHERS,540.1057756266232,3006.300272201056,MIA
315975825.13519686,00000000-0000-0000-0000-000000077951,OTHERS,507.8271179595032,3007.8057512839605,MIA
315975825.13519686,00000000-0000-0000-0000-000000077960,OTHERS,537.7845206408862,3058.032281533273,MIA
315975825.13519686,00000000-0000-0000-0000-000000077948,OTHERS,514.6417491292048,3007.6262755680023,MIA
315975825.13519686,00000000-0000-0000-0000-000000077719,AGENT,540.9031923562478,2980.1611719169678,MIA
315975825.13519686,00000000-0000-0000-0000-000000077953,OTHERS,500.58518820739465,3008.334911746217,MIA
315975825.13519686,00000000-0000-0000-0000-000000078016,OTHERS,516.3779652388012,2992.7559606830027,MIA
315975825.13519686,00000000-0000-0000-0000-000000077954,OTHERS,488.09142817302666,3003.068199076441,MIA
315975825.13519686,00000000-0000-0000-0000-000000077770,OTHERS,542.3020573917385,2954.838933464115,MIA
315975825.13519686,00000000-0000-0000-0000-000000077854,OTHERS,538.3413959447064,2949.067758704841,MIA
315975825.13519686,00000000-0000-0000-0000-000000077946,OTHERS,549.297724496315,2947.5470399254687,MIA
315975825.13519686,00000000-0000-0000-0000-000000078006,OTHERS,543.136139146696,2913.0822427500257,MIA
315975825.13519686,00000000-0000-0000-0000-000000078007,OTHERS,532.5911723830787,2968.986253038113,MIA
315975825.13519686,00000000-0000-0000-0000-000000077988,OTHERS,519.222714111654,2992.168377095695,MIA
315975825.24822253,00000000-0000-0000-0000-000000000000,AV,537.154958645421,2989.1974644551487,MIA
315975825.24822253,00000000-0000-0000-0000-000000077719,AGENT,540.97230344948,2979.112157282835,MIA
315975825.24822253,00000000-0000-0000-0000-000000077827,OTHERS,542.5069420733066,2937.627906612061,MIA
315975825.24822253,00000000-0000-0000-0000-000000077930,OTHERS,540.1510484714869,3005.1668663732084,MIA
315975825.24822253,00000000-0000-0000-0000-000000077951,OTHERS,507.8678700410047,3007.9785840842274,MIA
315975825.24822253,00000000-0000-0000-0000-000000077960,OTHERS,538.0262057086696,3056.6151089072005,MIA
315975825.24822253,00000000-0000-0000-0000-000000078014,OTHERS,478.3823118258026,3011.4820384257982,MIA
315975825.24822253,00000000-0000-0000-0000-000000077770,OTHERS,542.3790752967656,2954.0999086784673,MIA
315975825.24822253,00000000-0000-0000-0000-000000077854,OTHERS,538.144161210314,2948.7837637739563,MIA
315975825.24822253,00000000-0000-0000-0000-000000077946,OTHERS,549.297724496315,2947.5470399254687,MIA
315975825.24822253,00000000-0000-0000-0000-000000078006,OTHERS,543.1505854372247,2912.0558747568653,MIA
315975825.24822253,00000000-0000-0000-0000-000000077953,OTHERS,500.5733988509669,3008.4311927884255,MIA
315975825.24822253,00000000-0000-0000-0000-000000078016,OTHERS,516.4755398103655,2992.833953282925,MIA
315975825.24822253,00000000-0000-0000-0000-000000077954,OTHERS,488.1585435893454,3003.3821329487864,MIA
315975825.24822253,00000000-0000-0000-0000-000000077948,OTHERS,514.3500191871593,3007.7682159319097,MIA
315975825.24822253,00000000-0000-0000-0000-000000078007,OTHERS,532.2196249072847,2968.7525847745424,MIA
315975825.24822253,00000000-0000-0000-0000-000000077988,OTHERS,519.0597772018175,2992.2946716807905,MIA
315975825.35178673,00000000-0000-0000-0000-000000000000,AV,537.1741747408166,2988.6016809105713,MIA
315975825.35178673,00000000-0000-0000-0000-000000077719,AGENT,540.9944189768302,2978.1195014830314,MIA
315975825.35178673,00000000-0000-0000-0000-000000077827,OTHERS,542.5150317474963,2937.2404777167767,MIA
315975825.35178673,00000000-0000-0000-0000-000000077930,OTHERS,540.2455669596542,3003.937262816149,MIA
315975825.35178673,00000000-0000-0000-0000-000000077948,OTHERS,514.1093966795388,3007.498703939619,MIA
315975825.35178673,00000000-0000-0000-0000-000000077951,OTHERS,507.8950345590061,3007.888455568061,MIA
315975825.35178673,00000000-0000-0000-0000-000000078019,OTHERS,548.0074714749163,3071.7691627176405,MIA
315975825.35178673,00000000-0000-0000-0000-000000077960,OTHERS,538.1401736155963,3055.484830745393,MIA
315975825.35178673,00000000-0000-0000-0000-000000077953,OTHERS,500.5586484229862,3008.427222312434,MIA
315975825.35178673,00000000-0000-0000-0000-000000078016,OTHERS,516.4755398103655,2992.833953282925,MIA
315975825.35178673,00000000-0000-0000-0000-000000077954,OTHERS,488.0603687011986,3003.0262442783087,MIA
315975825.35178673,00000000-0000-0000-0000-000000078014,OTHERS,478.38359269478866,3011.4941792720006,MIA
315975825.35178673,00000000-0000-0000-0000-000000077770,OTHERS,542.3004655516467,2953.4250582154805,MIA
315975825.35178673,00000000-0000-0000-0000-000000077854,OTHERS,538.3752126094541,2949.0466072127088,MIA
315975825.35178673,00000000-0000-0000-0000-000000077946,OTHERS,549.297724496315,2947.5470399254687,MIA
315975825.35178673,00000000-0000-0000-0000-000000078006,OTHERS,543.3446183466884,2911.182962240008,MIA
315975825.35178673,00000000-0000-0000-0000-000000078007,OTHERS,532.5672284830015,2968.776022882614,MIA
315975825.35178673,00000000-0000-0000-0000-000000077988,OTHERS,518.8663811659574,2992.3982823282554,MIA
315975825.45155984,00000000-0000-0000-0000-000000000000,AV,537.1906214641532,2988.0603624583764,MIA
315975825.45155984,00000000-0000-0000-0000-000000077719,AGENT,541.0351385887975,2977.1002713171647,MIA
315975825.45155984,00000000-0000-0000-0000-000000077827,OTHERS,542.4858158494683,2936.894879151659,MIA
315975825.45155984,00000000-0000-0000-0000-000000077930,OTHERS,540.3075672811875,3002.773752423001,MIA
315975825.45155984,00000000-0000-0000-0000-000000077948,OTHERS,514.4850927946795,3007.72807836219,MIA
315975825.45155984,00000000-0000-0000-0000-000000077951,OTHERS,507.9031453869678,3007.898180354415,MIA
315975825.45155984,00000000-0000-0000-0000-000000077988,OTHERS,518.8231622050945,2992.447266954774,MIA
315975825.45155984,00000000-0000-0000-0000-000000078019,OTHERS,548.2490879720333,3071.711808310453,MIA
315975825.45155984,00000000-0000-0000-0000-000000077960,OTHERS,538.1407318358304,3054.0727684755107,MIA
315975825.45155984,00000000-0000-0000-0000-000000078014,OTHERS,478.40472095362617,3011.5910678742644,MIA
315975825.45155984,00000000-0000-0000-0000-000000078007,OTHERS,532.5442390711801,2968.9870095418532,MIA
315975825.45155984,00000000-0000-0000-0000-000000078000,OTHERS,551.3485856606243,2981.0887496217133,MIA
315975825.45155984,00000000-0000-0000-0000-000000077770,OTHERS,542.3076030616802,2952.831779281269,MIA
315975825.45155984,00000000-0000-0000-0000-000000077854,OTHERS,538.3333246756291,2949.0769368234314,MIA
315975825.45155984,00000000-0000-0000-0000-000000077946,OTHERS,549.297724496315,2947.5470399254687,MIA
315975825.45155984,00000000-0000-0000-0000-000000078006,OTHERS,543.0325920978489,2910.44345999292,MIA
315975825.45155984,00000000-0000-0000-0000-000000078016,OTHERS,516.4755398103655,2992.833953282925,MIA
315975825.45155984,00000000-0000-0000-0000-000000077953,OTHERS,500.53274320400436,3008.4154480306042,MIA
315975825.45155984,00000000-0000-0000-0000-000000077954,OTHERS,488.07024638813795,3003.3836157492133,MIA
315975825.55603456,00000000-0000-0000-0000-000000000000,AV,537.2101425541459,2987.476769520112,MIA
315975825.55603456,00000000-0000-0000-0000-000000077719,AGENT,541.0720427983973,2976.087492462453,MIA
315975825.55603456,00000000-0000-0000-0000-000000077827,OTHERS,542.5974799721141,2936.5115561017897,MIA
315975825.55603456,00000000-0000-0000-0000-000000077930,OTHERS,540.4083074350547,3001.8264704772027,MIA
315975825.55603456,00000000-0000-0000-0000-000000077948,OTHERS,514.2607389218706,3007.673428927109,MIA
315975825.55603456,00000000-0000-0000-0000-000000077951,OTHERS,507.93212785288137,3007.9068475128997,MIA
315975825.55603456,00000000-0000-0000-0000-000000077988,OTHERS,518.7051417875991,2992.514034536145,MIA
315975825.55603456,00000000-0000-0000-0000-000000078019,OTHERS,548.3411985264919,3071.739958396013,MIA
315975825.55603456,00000000-0000-0000-0000-000000077960,OTHERS,538.0325747313414,3053.076603279698,MIA
315975825.55603456,00000000-0000-0000-0000-000000078020,OTHERS,546.8726733318279,2936.3111308085936,MIA
315975825.55603456,00000000-0000-0000-0000-000000078014,OTHERS,478.368376141006,3011.4802070996698,MIA
315975825.55603456,00000000-0000-0000-0000-000000078000,OTHERS,551.3466388553936,2981.1388997128,MIA
315975825.55603456,00000000-0000-0000-0000-000000077770,OTHERS,542.3368697480281,2952.2502834757206,MIA
315975825.55603456,00000000-0000-0000-0000-000000077854,OTHERS,538.4490383334662,2948.856742875308,MIA
315975825.55603456,00000000-0000-0000-0000-000000078006,OTHERS,543.3221703519382,2909.480137733605,MIA
315975825.55603456,00000000-0000-0000-0000-000000078016,OTHERS,516.4197375100193,2993.0896349248055,MIA
315975825.55603456,00000000-0000-0000-0000-000000077953,OTHERS,500.5826774704158,3008.390168420077,MIA
315975825.55603456,00000000-0000-0000-0000-000000077954,OTHERS,488.1611356357632,3003.514276010093,MIA
315975825.6573796,00000000-0000-0000-0000-000000000000,AV,537.2287590581508,2986.950550239951,MIA
315975825.6573796,00000000-0000-0000-0000-000000077719,AGENT,541.1030940940351,2975.131125235537,MIA
315975825.6573796,00000000-0000-0000-0000-000000077827,OTHERS,542.6221978778794,2936.153865036325,MIA
315975825.6573796,00000000-0000-0000-0000-000000077930,OTHERS,540.4554239606985,3000.6825431212433,MIA
315975825.6573796,00000000-0000-0000-0000-000000077948,OTHERS,514.2407649537646,3007.7159994367967,MIA
315975825.6573796,00000000-0000-0000-0000-000000077951,OTHERS,507.9159048726243,3007.896323127353,MIA
315975825.6573796,00000000-0000-0000-0000-000000078020,OTHERS,546.7734566669782,2937.399101457489,MIA
315975825.6573796,00000000-0000-0000-0000-000000078019,OTHERS,548.4115339100587,3071.6622597782275,MIA
315975825.6573796,00000000-0000-0000-0000-000000077960,OTHERS,538.0319192065506,3052.0340227323804,MIA
315975825.6573796,00000000-0000-0000-0000-000000077770,OTHERS,542.4167423882634,2951.734449431026,MIA
315975825.6573796,00000000-0000-0000-0000-000000077854,OTHERS,538.1577121793119,2948.874129945937,MIA
315975825.6573796,00000000-0000-0000-0000-000000078006,OTHERS,543.3878964723632,2908.628699499749,MIA
315975825.6573796,00000000-0000-0000-0000-000000078014,OTHERS,478.368376141006,3011.4802070996698,MIA
315975825.6573796,00000000-0000-0000-0000-000000077988,OTHERS,518.6491936540504,2992.561420225948,MIA
315975825.6573796,00000000-0000-0000-0000-000000078000,OTHERS,551.343599664664,2981.141207425725,MIA
315975825.6573796,00000000-0000-0000-0000-000000078016,OTHERS,516.4493200628133,2993.149178440113,MIA
315975825.6573796,00000000-0000-0000-0000-000000077953,OTHERS,500.5528647011409,3008.399316541875,MIA
315975825.6573796,00000000-0000-0000-0000-000000077954,OTHERS,488.1611356357632,3003.514276010093,MIA
315975825.75736326,00000000-0000-0000-0000-000000000000,AV,537.2484463446679,2986.375494626265,MIA
315975825.75736326,00000000-0000-0000-0000-000000077719,AGENT,541.1483773668479,2974.194146730529,MIA
315975825.75736326,00000000-0000-0000-0000-000000077827,OTHERS,542.5636535339945,2935.7726460838085,MIA
315975825.75736326,00000000-0000-0000-0000-000000077930,OTHERS,540.5242256840248,2999.5498085217705,MIA
315975825.75736326,00000000-0000-0000-0000-000000077948,OTHERS,514.215065362813,3007.6961690942653,MIA
315975825.75736326,00000000-0000-0000-0000-000000078020,OTHERS,546.8092360115995,2938.30824488693,MIA
315975825.75736326,00000000-0000-0000-0000-000000077996,OTHERS,544.130193681683,2894.831827683988,MIA
315975825.75736326,00000000-0000-0000-0000-000000077988,OTHERS,518.6491936540504,2992.561420225948,MIA
315975825.75736326,00000000-0000-0000-0000-000000078019,OTHERS,548.3114311589673,3071.678647911449,MIA
315975825.75736326,00000000-0000-0000-0000-000000077960,OTHERS,537.8685062303261,3050.8825451300972,MIA
315975825.75736326,00000000-0000-0000-0000-000000077770,OTHERS,542.4125054909854,2951.166285859753,MIA
315975825.75736326,00000000-0000-0000-0000-000000077854,OTHERS,538.0690232071827,2948.4144506387734,MIA
315975825.75736326,00000000-0000-0000-0000-000000078006,OTHERS,543.4984420932201,2907.659296572031,MIA
315975825.75736326,00000000-0000-0000-0000-000000078014,OTHERS,478.368376141006,3011.4802070996698,MIA
315975825.75736326,00000000-0000-0000-0000-000000077951,OTHERS,507.9631109613433,3007.9094577287374,MIA
315975825.75736326,00000000-0000-0000-0000-000000078000,OTHERS,551.343599664664,2981.141207425725,MIA
315975825.75736326,00000000-0000-0000-0000-000000078016,OTHERS,516.4493200628133,2993.149178440113,MIA
315975825.75736326,00000000-0000-0000-0000-000000077953,OTHERS,500.61810987989134,3008.3851809532885,MIA
315975825.75736326,00000000-0000-0000-0000-000000077954,OTHERS,488.1611356357632,3003.514276010093,MIA
315975825.860996,00000000-0000-0000-0000-000000000000,AV,537.2680296957881,2985.8616452503225,MIA
315975825.860996,00000000-0000-0000-0000-000000077719,AGENT,541.1833167706932,2973.2209863075464,MIA
315975825.860996,00000000-0000-0000-0000-000000077827,OTHERS,542.5253288221636,2935.3723728071527,MIA
315975825.860996,00000000-0000-0000-0000-000000077930,OTHERS,540.5855256682021,2998.379732738476,MIA
315975825.860996,00000000-0000-0000-0000-000000077948,OTHERS,514.1850086809413,3007.6711729723766,MIA
315975825.860996,00000000-0000-0000-0000-000000078014,OTHERS,478.368376141006,3011.4802070996698,MIA
315975825.860996,00000000-0000-0000-0000-000000077951,OTHERS,507.970607062382,3007.8888662343597,MIA
315975825.860996,00000000-0000-0000-0000-000000078020,OTHERS,546.6203735598107,2939.302755692997,MIA
315975825.860996,00000000-0000-0000-0000-000000077996,OTHERS,544.806067067807,2893.8747477465918,MIA
315975825.860996,00000000-0000-0000-0000-000000077988,OTHERS,518.3979914153813,2992.6743068079545,MIA
315975825.860996,00000000-0000-0000-0000-000000078019,OTHERS,548.4054854894194,3071.656882432005,MIA
315975825.860996,00000000-0000-0000-0000-000000077960,OTHERS,538.1003801862508,3049.521694027953,MIA
315975825.860996,00000000-0000-0000-0000-000000078024,OTHERS,563.3162116008067,2927.5362746378387,MIA
315975825.860996,00000000-0000-0000-0000-000000077770,OTHERS,542.4489660726011,2950.550338469928,MIA
315975825.860996,00000000-0000-0000-0000-000000077854,OTHERS,538.0802531592233,2948.3249012566976,MIA
315975825.860996,00000000-0000-0000-0000-000000078006,OTHERS,543.2671211742999,2907.0233958427916,MIA
315975825.860996,00000000-0000-0000-0000-000000078000,OTHERS,551.3446104872551,2981.1355914865962,MIA
315975825.860996,00000000-0000-0000-0000-000000078016,OTHERS,516.4349311078452,2993.322652805381,MIA
315975825.860996,00000000-0000-0000-0000-000000077953,OTHERS,500.5513673764332,3008.4038687201783,MIA
315975825.860996,00000000-0000-0000-0000-000000077954,OTHERS,488.1611356357632,3003.514276010093,MIA
315975825.9636337,00000000-0000-0000-0000-000000000000,AV,537.2886305115911,2985.3041640215297,MIA
315975825.9636337,00000000-0000-0000-0000-000000077719,AGENT,541.2295365402823,2972.209105733931,MIA
315975825.9636337,00000000-0000-0000-0000-000000077827,OTHERS,542.5359791142221,2935.0539015823797,MIA
315975825.9636337,00000000-0000-0000-0000-000000077930,OTHERS,540.6659150441342,2997.2496215103747,MIA
315975825.9636337,00000000-0000-0000-0000-000000077948,OTHERS,514.2008480825507,3007.695908192041,MIA
315975825.9636337,00000000-0000-0000-0000-000000078020,OTHERS,546.6769204678336,2940.3103346014227,MIA
315975825.9636337,00000000-0000-0000-0000-000000077996,OTHERS,544.3545137149479,2893.0587033794604,MIA
315975825.9636337,00000000-0000-0000-0000-000000077988,OTHERS,518.3979914153813,2992.6743068079545,MIA
315975825.9636337,00000000-0000-0000-0000-000000077770,OTHERS,542.4224830365777,2949.980615067461,MIA
315975825.9636337,00000000-0000-0000-0000-000000077854,OTHERS,538.0221900085897,2948.379989286312,MIA
315975825.9636337,00000000-0000-0000-0000-000000078006,OTHERS,543.3091829256429,2906.124719368509,MIA
315975825.9636337,00000000-0000-0000-0000-000000078000,OTHERS,551.3446104872551,2981.1355914865962,MIA
315975825.9636337,00000000-0000-0000-0000-000000078016,OTHERS,516.4349311078452,2993.322652805381,MIA
315975825.9636337,00000000-0000-0000-0000-000000077953,OTHERS,500.5398806140123,3008.397430152634,MIA
315975825.9636337,00000000-0000-0000-0000-000000078024,OTHERS,565.526091282315,2927.707567540141,MIA
315975825.9636337,00000000-0000-0000-0000-000000077960,OTHERS,537.9472652171473,3048.283501118513,MIA
315975825.9636337,00000000-0000-0000-0000-000000078019,OTHERS,548.3285866223536,3071.7052617156983,MIA
315975825.9636337,00000000-0000-0000-0000-000000077951,OTHERS,507.94947313489496,3007.875251209451,MIA
315975826.06718564,00000000-0000-0000-0000-000000000000,AV,537.3066172963431,2984.801958923924,MIA
315975826.06718564,00000000-0000-0000-0000-000000077719,AGENT,541.2572270511073,2971.292912941173,MIA
315975826.06718564,00000000-0000-0000-0000-000000077930,OTHERS,540.7155010836177,2996.072912371926,MIA
315975826.06718564,00000000-0000-0000-0000-000000077951,OTHERS,507.90003972458936,3007.902106778862,MIA
315975826.06718564,00000000-0000-0000-0000-000000077770,OTHERS,542.4572899090848,2949.390851119898,MIA
315975826.06718564,00000000-0000-0000-0000-000000077854,OTHERS,538.0490062838361,2948.358680720965,MIA
315975826.06718564,00000000-0000-0000-0000-000000078006,OTHERS,543.4081718225622,2905.1720053319896,MIA
315975826.06718564,00000000-0000-0000-0000-000000077988,OTHERS,518.3979914153813,2992.6743068079545,MIA
315975826.06718564,00000000-0000-0000-0000-000000077827,OTHERS,542.4606104676782,2934.6891632812376,MIA
315975826.06718564,00000000-0000-0000-0000-000000077948,OTHERS,514.2518858035659,3007.7201103373213,MIA
315975826.06718564,00000000-0000-0000-0000-000000078026,OTHERS,562.1582945588358,2927.683064076776,MIA
315975826.06718564,00000000-0000-0000-0000-000000078020,OTHERS,546.435567976303,2941.2590669350325,MIA
315975826.06718564,00000000-0000-0000-0000-000000077996,OTHERS,543.8166035047554,2892.0794566002787,MIA
315975826.06718564,00000000-0000-0000-0000-000000077953,OTHERS,500.59383492000467,3008.4230392330073,MIA
315975826.06718564,00000000-0000-0000-0000-000000078016,OTHERS,516.4349311078452,2993.322652805381,MIA
315975826.06718564,00000000-0000-0000-0000-000000078019,OTHERS,548.4305315191613,3071.685628703101,MIA
315975826.06718564,00000000-0000-0000-0000-000000078024,OTHERS,564.2037771879233,2927.6943440559276,MIA
315975826.06718564,00000000-0000-0000-0000-000000077960,OTHERS,538.0485748386691,3047.0254641519678,MIA
315975826.06718564,00000000-0000-0000-0000-000000078000,OTHERS,551.3446104872551,2981.1355914865962,MIA
315975826.1670838,00000000-0000-0000-0000-000000000000,AV,537.3240119170655,2984.2561956131035,MIA
315975826.1670838,00000000-0000-0000-0000-000000077719,AGENT,541.3156438156825,2970.404558889791,MIA
315975826.1670838,00000000-0000-0000-0000-000000077930,OTHERS,540.7620508333999,2994.9163026374226,MIA
315975826.1670838,00000000-0000-0000-0000-000000077951,OTHERS,507.98209502174245,3007.872165410149,MIA
315975826.1670838,00000000-0000-0000-0000-000000077770,OTHERS,542.5284163313793,2949.084493272663,MIA
315975826.1670838,00000000-0000-0000-0000-000000077854,OTHERS,538.033645086828,2948.1716038891136,MIA
315975826.1670838,00000000-0000-0000-0000-000000078006,OTHERS,543.5328924761783,2904.45615349043,MIA
315975826.1670838,00000000-0000-0000-0000-000000077988,OTHERS,518.2466720685702,2992.7779377112183,MIA
315975826.1670838,00000000-0000-0000-0000-000000077827,OTHERS,542.5717339299254,2934.3031257812654,MIA
315975826.1670838,00000000-0000-0000-0000-000000077948,OTHERS,514.2023562585715,3007.682313641045,MIA
315975826.1670838,00000000-0000-0000-0000-000000078027,OTHERS,535.3485798982454,3061.687160996927,MIA
315975826.1670838,00000000-0000-0000-0000-000000078026,OTHERS,562.5393466117448,2927.692746833888,MIA
315975826.1670838,00000000-0000-0000-0000-000000078020,OTHERS,546.1621014687057,2942.169721619811,MIA
315975826.1670838,00000000-0000-0000-0000-000000077996,OTHERS,544.4864974643272,2891.2017363498244,MIA
315975826.1670838,00000000-0000-0000-0000-000000077953,OTHERS,500.55331741147285,3008.3692006503607,MIA
315975826.1670838,00000000-0000-0000-0000-000000078016,OTHERS,516.415398668378,2993.557650810362,MIA
315975826.1670838,00000000-0000-0000-0000-000000078019,OTHERS,548.3324496589743,3071.663428149835,MIA
315975826.1670838,00000000-0000-0000-0000-000000078024,OTHERS,564.1110648309432,2927.6805078251164,MIA
315975826.1670838,00000000-0000-0000-0000-000000077960,OTHERS,538.198196055447,3045.9212211827917,MIA
315975826.1670838,00000000-0000-0000-0000-000000078000,OTHERS,551.3550473207479,2981.1513912505934,MIA
315975826.27561337,00000000-0000-0000-0000-000000000000,AV,537.3431835404626,2983.720159302428,MIA
315975826.27561337,00000000-0000-0000-0000-000000077719,AGENT,541.3562048329013,2969.495429876109,MIA
315975826.27561337,00000000-0000-0000-0000-000000077930,OTHERS,540.8351731885488,2993.8414790130023,MIA
315975826.27561337,00000000-0000-0000-0000-000000077988,OTHERS,518.2466720685702,2992.7779377112183,MIA
315975826.27561337,00000000-0000-0000-0000-000000077996,OTHERS,544.3378455284226,2890.2713243413427,MIA
315975826.27561337,00000000-0000-0000-0000-000000077951,OTHERS,507.9632304226992,3007.8700039964588,MIA
315975826.27561337,00000000-0000-0000-0000-000000078020,OTHERS,545.9891231220522,2943.2651843563012,MIA
315975826.27561337,00000000-0000-0000-0000-000000077948,OTHERS,514.2661175162018,3007.6857198193525,MIA
315975826.27561337,00000000-0000-0000-0000-000000078027,OTHERS,535.3485798982454,3061.687160996927,MIA
315975826.27561337,00000000-0000-0000-0000-000000078019,OTHERS,548.2512371958853,3071.694391252449,MIA
315975826.27561337,00000000-0000-0000-0000-000000077960,OTHERS,538.2465812828748,3044.744139201904,MIA
315975826.27561337,00000000-0000-0000-0000-000000078024,OTHERS,564.0147615404272,2927.7929932386987,MIA
315975826.27561337,00000000-0000-0000-0000-000000077770,OTHERS,542.5078907579631,2948.699658924345,MIA
315975826.27561337,00000000-0000-0000-0000-000000077854,OTHERS,537.9797327054051,2948.184763203985,MIA
315975826.27561337,00000000-0000-0000-0000-000000078006,OTHERS,543.58270093439,2903.456190823849,MIA
315975826.27561337,00000000-0000-0000-0000-000000078028,OTHERS,532.2515399269229,2964.529092840066,MIA
315975826.27561337,00000000-0000-0000-0000-000000077827,OTHERS,542.5800909655272,2933.937380551117,MIA
315975826.27561337,00000000-0000-0000-0000-000000078026,OTHERS,562.3840332990618,2927.666613999783,MIA
315975826.27561337,00000000-0000-0000-0000-000000077953,OTHERS,500.58299877473587,3008.454587484959,MIA
315975826.27561337,00000000-0000-0000-0000-000000078016,OTHERS,516.415398668378,2993.557650810362,MIA
315975826.27561337,00000000-0000-0000-0000-000000078000,OTHERS,551.3550473207479,2981.1513912505934,MIA
315975826.3828248,00000000-0000-0000-0000-000000000000,AV,537.3613300242147,2983.190449313084,MIA
315975826.3828248,00000000-0000-0000-0000-000000077719,AGENT,541.3665251585123,2968.6421006363976,MIA
315975826.3828248,00000000-0000-0000-0000-000000077930,OTHERS,540.9107722683744,2992.64564512373,MIA
315975826.3828248,00000000-0000-0000-0000-000000077951,OTHERS,507.92131781753716,3007.814351324888,MIA
315975826.3828248,00000000-0000-0000-0000-000000077770,OTHERS,542.4954992322515,2948.0950744598163,MIA
315975826.3828248,00000000-0000-0000-0000-000000077854,OTHERS,538.5123216324578,2948.917336390456,MIA
315975826.3828248,00000000-0000-0000-0000-000000078006,OTHERS,543.5798343132814,2902.5889720546925,MIA
315975826.3828248,00000000-0000-0000-0000-000000078026,OTHERS,561.8936275964084,2927.620946946307,MIA
315975826.3828248,00000000-0000-0000-0000-000000077953,OTHERS,500.5454495143029,3008.319081698645,MIA
315975826.3828248,00000000-0000-0000-0000-000000078020,OTHERS,545.9891231220522,2943.2651843563012,MIA
315975826.3828248,00000000-0000-0000-0000-000000077996,OTHERS,544.3293648989364,2889.349104088853,MIA
315975826.3828248,00000000-0000-0000-0000-000000077948,OTHERS,514.2798701584378,3007.6975380156964,MIA
315975826.3828248,00000000-0000-0000-0000-000000078027,OTHERS,535.3485798982454,3061.687160996927,MIA
315975826.3828248,00000000-0000-0000-0000-000000078028,OTHERS,532.2515399269229,2964.529092840066,MIA
315975826.3828248,00000000-0000-0000-0000-000000077827,OTHERS,542.5215353959338,2933.552701016439,MIA
315975826.3828248,00000000-0000-0000-0000-000000078019,OTHERS,548.3392369770178,3071.6925381090005,MIA
315975826.3828248,00000000-0000-0000-0000-000000078024,OTHERS,563.7324052180379,2927.8020839858546,MIA
315975826.3828248,00000000-0000-0000-0000-000000077960,OTHERS,538.2732373026677,3043.4426611706876,MIA
315975826.49571246,00000000-0000-0000-0000-000000000000,AV,537.377012008717,2982.6681943800663,MIA
315975826.49571246,00000000-0000-0000-0000-000000077719,AGENT,541.4174079686319,2967.826535683239,MIA
315975826.49571246,00000000-0000-0000-0000-000000077930,OTHERS,540.930359192624,2991.4960768058118,MIA
315975826.49571246,00000000-0000-0000-0000-000000077951,OTHERS,507.8792120052269,3007.8682128632595,MIA
315975826.49571246,00000000-0000-0000-0000-000000077770,OTHERS,542.5433210979285,2947.674844179644,MIA
315975826.49571246,00000000-0000-0000-0000-000000077854,OTHERS,538.4622232272524,2948.94849479416,MIA
315975826.49571246,00000000-0000-0000-0000-000000078006,OTHERS,543.5798343132814,2902.5889720546925,MIA
315975826.49571246,00000000-0000-0000-0000-000000078026,OTHERS,561.5539282071171,2927.7113892400093,MIA
315975826.49571246,00000000-0000-0000-0000-000000077953,OTHERS,500.54180378529975,3008.4389051422468,MIA
315975826.49571246,00000000-0000-0000-0000-000000078020,OTHERS,545.9891231220522,2943.2651843563012,MIA
315975826.49571246,00000000-0000-0000-0000-000000077996,OTHERS,544.502482590651,2888.3865079466223,MIA
315975826.49571246,00000000-0000-0000-0000-000000077948,OTHERS,514.2592849450697,3007.744249977551,MIA
315975826.49571246,00000000-0000-0000-0000-000000078027,OTHERS,535.5969981217293,3057.751994928039,MIA
315975826.49571246,00000000-0000-0000-0000-000000078028,OTHERS,532.2515399269229,2964.529092840066,MIA
315975826.49571246,00000000-0000-0000-0000-000000077827,OTHERS,542.5625655939341,2933.1357970476784,MIA
315975826.49571246,00000000-0000-0000-0000-000000078019,OTHERS,548.1327519127487,3071.734360136619,MIA
315975826.49571246,00000000-0000-0000-0000-000000078024,OTHERS,563.553578092639,2927.792542451978,MIA
315975826.49571246,00000000-0000-0000-0000-000000077960,OTHERS,538.2883333559813,3042.1320501359614,MIA
315975826.60999334,00000000-0000-0000-0000-000000000000,AV,537.3951339691708,2982.1078002875042,MIA
315975826.60999334,00000000-0000-0000-0000-000000077719,AGENT,541.4794070704277,2966.192554051865,MIA
315975826.60999334,00000000-0000-0000-0000-000000077930,OTHERS,540.9796859705111,2989.131286770163,MIA
315975826.60999334,00000000-0000-0000-0000-000000077996,OTHERS,544.5658666848177,2886.532455761391,MIA
315975826.60999334,00000000-0000-0000-0000-000000077770,OTHERS,542.684884727606,2946.91725752148,MIA
315975826.60999334,00000000-0000-0000-0000-000000077854,OTHERS,538.576402000644,2948.9740383997682,MIA
315975826.60999334,00000000-0000-0000-0000-000000078006,OTHERS,543.6548778000948,2900.025792237599,MIA
315975826.60999334,00000000-0000-0000-0000-000000078019,OTHERS,548.3190159882741,3071.7989976552535,MIA
315975826.60999334,00000000-0000-0000-0000-000000077960,OTHERS,538.2701435637543,3039.7819355640277,MIA
315975826.60999334,00000000-0000-0000-0000-000000078024,OTHERS,563.2540612914021,2927.614085334816,MIA
315975826.60999334,00000000-0000-0000-0000-000000077948,OTHERS,514.2782968689695,3007.680610170319,MIA
315975826.60999334,00000000-0000-0000-0000-000000078027,OTHERS,535.6014879608551,3055.174354989524,MIA
315975826.60999334,00000000-0000-0000-0000-000000077951,OTHERS,507.88094790613263,3007.8608668678194,MIA
315975826.60999334,00000000-0000-0000-0000-000000078026,OTHERS,561.6929048141814,2927.644841837421,MIA
315975826.60999334,00000000-0000-0000-0000-000000078037,OTHERS,550.029995408606,2948.874329307762,MIA
315975826.60999334,00000000-0000-0000-0000-000000078028,OTHERS,532.2965089994343,2964.451189479027,MIA
315975826.60999334,00000000-0000-0000-0000-000000077953,OTHERS,500.4755051812021,3008.3436792537486,MIA
315975826.60999334,00000000-0000-0000-0000-000000077827,OTHERS,542.675823346705,2932.2920246382564,MIA
315975826.71767193,00000000-0000-0000-0000-000000000000,AV,537.4105235203941,2981.6004300144164,MIA
315975826.71767193,00000000-0000-0000-0000-000000077719,AGENT,541.5203924210412,2965.383221618601,MIA
315975826.71767193,00000000-0000-0000-0000-000000077930,OTHERS,541.1449291839481,2988.0711435064586,MIA
315975826.71767193,00000000-0000-0000-0000-000000077996,OTHERS,544.6330349732121,2885.6398019195367,MIA
315975826.71767193,00000000-0000-0000-0000-000000077770,OTHERS,542.6606688793437,2946.556254647421,MIA
315975826.71767193,00000000-0000-0000-0000-000000077854,OTHERS,538.5865557100508,2948.9769671078056,MIA
315975826.71767193,00000000-0000-0000-0000-000000078006,OTHERS,543.6153068830853,2899.095075608373,MIA
315975826.71767193,00000000-0000-0000-0000-000000078019,OTHERS,548.2461936234698,3071.811165647918,MIA
315975826.71767193,00000000-0000-0000-0000-000000077960,OTHERS,538.3836504511339,3038.5022144227905,MIA
315975826.71767193,00000000-0000-0000-0000-000000078024,OTHERS,562.9786117882145,2927.719061439856,MIA
315975826.71767193,00000000-0000-0000-0000-000000077948,OTHERS,514.2672936963728,3007.715917595089,MIA
315975826.71767193,00000000-0000-0000-0000-000000078027,OTHERS,535.5686686560075,3054.139253977333,MIA
315975826.71767193,00000000-0000-0000-0000-000000077951,OTHERS,507.94133149328735,3007.812632507327,MIA
315975826.71767193,00000000-0000-0000-0000-000000078026,OTHERS,561.6587673052275,2927.634116197335,MIA
315975826.71767193,00000000-0000-0000-0000-000000078037,OTHERS,550.0109835190353,2948.6697170851635,MIA
315975826.71767193,00000000-0000-0000-0000-000000078028,OTHERS,532.2965089994343,2964.451189479027,MIA
315975826.71767193,00000000-0000-0000-0000-000000077953,OTHERS,500.5648319576903,3008.36191545781,MIA
315975826.71767193,00000000-0000-0000-0000-000000077827,OTHERS,542.6955714109438,2931.908931852169,MIA
315975826.82403463,00000000-0000-0000-0000-000000000000,AV,537.4250463200632,2981.1028422313047,MIA
315975826.82403463,00000000-0000-0000-0000-000000077719,AGENT,541.5578373035993,2964.6218752750733,MIA
315975826.82403463,00000000-0000-0000-0000-000000077827,OTHERS,542.6798598591308,2931.464497863499,MIA
315975826.82403463,00000000-0000-0000-0000-000000077930,OTHERS,541.1407867004046,2986.973824715908,MIA
315975826.82403463,00000000-0000-0000-0000-000000077951,OTHERS,507.9172130901457,3007.824802935065,MIA
315975826.82403463,00000000-0000-0000-0000-000000077953,OTHERS,500.6240596899534,3008.316350232495,MIA
315975826.82403463,00000000-0000-0000-0000-000000077996,OTHERS,543.9487815718904,2884.6495027397914,MIA
315975826.82403463,00000000-0000-0000-0000-000000078019,OTHERS,548.3064137388841,3071.6925964197717,MIA
315975826.82403463,00000000-0000-0000-0000-000000077960,OTHERS,538.412391741974,3037.506605102866,MIA
315975826.82403463,00000000-0000-0000-0000-000000078024,OTHERS,562.7525696338224,2927.728924923857,MIA
315975826.82403463,00000000-0000-0000-0000-000000077770,OTHERS,542.6646742136752,2945.9855952587554,MIA
315975826.82403463,00000000-0000-0000-0000-000000077854,OTHERS,538.5354222411023,2948.9660683132374,MIA
315975826.82403463,00000000-0000-0000-0000-000000078006,OTHERS,544.0185079053275,2898.056544990628,MIA
315975826.82403463,00000000-0000-0000-0000-000000077948,OTHERS,514.2613835847056,3007.7191221437506,MIA
315975826.82403463,00000000-0000-0000-0000-000000078027,OTHERS,535.5686686560075,3054.139253977333,MIA
315975826.82403463,00000000-0000-0000-0000-000000078036,OTHERS,516.4911628197722,2993.5754303170843,MIA
315975826.82403463,00000000-0000-0000-0000-000000078037,OTHERS,549.919767909219,2948.544380275957,MIA
315975826.82403463,00000000-0000-0000-0000-000000078026,OTHERS,561.1303377208616,2927.6079748362445,MIA
315975826.9258511,00000000-0000-0000-0000-000000000000,AV,537.4413622983978,2980.6086797165667,MIA
315975826.9258511,00000000-0000-0000-0000-000000077719,AGENT,541.6019058793329,2963.8796025096476,MIA
315975826.9258511,00000000-0000-0000-0000-000000077827,OTHERS,542.6280556844026,2931.0303248787627,MIA
315975826.9258511,00000000-0000-0000-0000-000000078026,OTHERS,560.3645740981556,2927.3481229174076,MIA
315975826.9258511,00000000-0000-0000-0000-000000078037,OTHERS,549.8635685632262,2948.4741604143437,MIA
315975826.9258511,00000000-0000-0000-0000-000000077951,OTHERS,507.9561855654127,3007.8605804283893,MIA
315975826.9258511,00000000-0000-0000-0000-000000078036,OTHERS,516.4911628197722,2993.5754303170843,MIA
315975826.9258511,00000000-0000-0000-0000-000000077770,OTHERS,542.5853295813749,2945.715376799038,MIA
315975826.9258511,00000000-0000-0000-0000-000000077854,OTHERS,538.3928038881031,2949.0647382949323,MIA
315975826.9258511,00000000-0000-0000-0000-000000078006,OTHERS,544.0185079053275,2898.056544990628,MIA
315975826.9258511,00000000-0000-0000-0000-000000077996,OTHERS,544.1044984930571,2883.756837871746,MIA
315975826.9258511,00000000-0000-0000-0000-000000078019,OTHERS,548.7975561967918,3071.6808137038374,MIA
315975826.9258511,00000000-0000-0000-0000-000000078024,OTHERS,562.7525696338224,2927.728924923857,MIA
315975826.9258511,00000000-0000-0000-0000-000000077960,OTHERS,538.3781585200213,3036.403354132809,MIA
315975826.9258511,00000000-0000-0000-0000-000000077953,OTHERS,500.56746251583235,3008.3085074507235,MIA
315975826.9258511,00000000-0000-0000-0000-000000078027,OTHERS,535.5686686560075,3054.139253977333,MIA
315975826.9258511,00000000-0000-0000-0000-000000077948,OTHERS,514.2743065240112,3007.7097020197807,MIA
315975826.9258511,00000000-0000-0000-0000-000000077930,OTHERS,541.11960248897,2985.792485019035,MIA
315975827.027152,00000000-0000-0000-0000-000000000000,AV,537.4539700441586,2980.1691004041345,MIA
315975827.027152,00000000-0000-0000-0000-000000077719,AGENT,541.6242074612196,2963.1177760624273,MIA
315975827.027152,00000000-0000-0000-0000-000000077827,OTHERS,542.6696207512507,2930.5209272344678,MIA
315975827.027152,00000000-0000-0000-0000-000000077951,OTHERS,507.9201686939682,3007.9020203007344,MIA
315975827.027152,00000000-0000-0000-0000-000000077953,OTHERS,500.49935688727487,3008.3041368036475,MIA
315975827.027152,00000000-0000-0000-0000-000000077930,OTHERS,541.136097385132,2984.789532332649,MIA
315975827.027152,00000000-0000-0000-0000-000000078036,OTHERS,516.4911628197722,2993.5754303170843,MIA
315975827.027152,00000000-0000-0000-0000-000000078019,OTHERS,548.8769555668174,3071.6837869685273,MIA
315975827.027152,00000000-0000-0000-0000-000000077960,OTHERS,538.6849094604787,3034.99265690641,MIA
315975827.027152,00000000-0000-0000-0000-000000078024,OTHERS,562.7525696338224,2927.728924923857,MIA
315975827.027152,00000000-0000-0000-0000-000000077770,OTHERS,542.6493677970069,2945.1704196800956,MIA
315975827.027152,00000000-0000-0000-0000-000000077854,OTHERS,538.292028739845,2949.072511434997,MIA
315975827.027152,00000000-0000-0000-0000-000000078006,OTHERS,544.0185079053275,2898.056544990628,MIA
315975827.027152,00000000-0000-0000-0000-000000078037,OTHERS,549.8915654940316,2948.452959992623,MIA
315975827.027152,00000000-0000-0000-0000-000000078026,OTHERS,560.3653448285759,2927.3689412240124,MIA
315975827.027152,00000000-0000-0000-0000-000000077948,OTHERS,514.2258386639484,3007.688855355454,MIA
315975827.027152,00000000-0000-0000-0000-000000078027,OTHERS,535.5686686560075,3054.139253977333,MIA
315975827.027152,00000000-0000-0000-0000-000000077996,OTHERS,544.485255007618,2882.7692220013396,MIA
315975827.15279293,00000000-0000-0000-0000-000000000000,AV,537.4706959929987,2979.603097563623,MIA
315975827.15279293,00000000-0000-0000-0000-000000077719,AGENT,541.6678548818159,2962.391903485558,MIA
315975827.15279293,00000000-0000-0000-0000-000000077827,OTHERS,542.6267390092104,2930.0254696040806,MIA
315975827.15279293,00000000-0000-0000-0000-000000077948,OTHERS,514.2229839265411,3007.6577283042047,MIA
315975827.15279293,00000000-0000-0000-0000-000000077951,OTHERS,507.8655807286233,3007.894943196853,MIA
315975827.15279293,00000000-0000-0000-0000-000000077930,OTHERS,541.2275083891446,2983.6908206126677,MIA
315975827.15279293,00000000-0000-0000-0000-000000078037,OTHERS,549.9170027420661,2948.437843953345,MIA
315975827.15279293,00000000-0000-0000-0000-000000078026,OTHERS,560.2641799667031,2927.33763419752,MIA
315975827.15279293,00000000-0000-0000-0000-000000078019,OTHERS,548.1609292902566,3071.696822482391,MIA
315975827.15279293,00000000-0000-0000-0000-000000077960,OTHERS,538.5407150239338,3033.878300627731,MIA
315975827.15279293,00000000-0000-0000-0000-000000078024,OTHERS,562.7525696338224,2927.728924923857,MIA
315975827.15279293,00000000-0000-0000-0000-000000077770,OTHERS,542.6403636913849,2944.91508972791,MIA
315975827.15279293,00000000-0000-0000-0000-000000077854,OTHERS,538.3464331354696,2949.094077638039,MIA
315975827.15279293,00000000-0000-0000-0000-000000078006,OTHERS,543.7725538719719,2895.5276919565754,MIA
315975827.15279293,00000000-0000-0000-0000-000000077996,OTHERS,544.4696672751647,2881.8629668540216,MIA
315975827.15279293,00000000-0000-0000-0000-000000077953,OTHERS,500.5212504875358,3008.381762286581,MIA
315975827.26022434,00000000-0000-0000-0000-000000000000,AV,537.4837892254351,2979.129849003749,MIA
315975827.26022434,00000000-0000-0000-0000-000000077719,AGENT,541.701538112263,2961.7317496983624,MIA
315975827.26022434,00000000-0000-0000-0000-000000077827,OTHERS,542.720034952542,2929.5020364780958,MIA
315975827.26022434,00000000-0000-0000-0000-000000077948,OTHERS,514.2978614379072,3007.699388202774,MIA
315975827.26022434,00000000-0000-0000-0000-000000077951,OTHERS,507.8847117887149,3007.845936513517,MIA
315975827.26022434,00000000-0000-0000-0000-000000078046,OTHERS,546.3744886942073,2953.921105638115,MIA
315975827.26022434,00000000-0000-0000-0000-000000078048,OTHERS,532.1667952990443,2964.119656248696,MIA
315975827.26022434,00000000-0000-0000-0000-000000077930,OTHERS,541.2575046293166,2982.710416959836,MIA
315975827.26022434,00000000-0000-0000-0000-000000077770,OTHERS,542.7249349316669,2944.617835028996,MIA
315975827.26022434,00000000-0000-0000-0000-000000077854,OTHERS,538.3537605906589,2949.079038212916,MIA
315975827.26022434,00000000-0000-0000-0000-000000078006,OTHERS,543.8623986168068,2894.6478362407543,MIA
315975827.26022434,00000000-0000-0000-0000-000000078019,OTHERS,548.6797838867569,3071.7237542668518,MIA
315975827.26022434,00000000-0000-0000-0000-000000077960,OTHERS,538.6030897491717,3032.367946122497,MIA
315975827.26022434,00000000-0000-0000-0000-000000078037,OTHERS,549.9422226282895,2948.6940617085993,MIA
315975827.26022434,00000000-0000-0000-0000-000000078026,OTHERS,559.6476421337153,2927.370030985184,MIA
315975827.26022434,00000000-0000-0000-0000-000000077996,OTHERS,544.7716392186869,2880.8762465337018,MIA
315975827.26022434,00000000-0000-0000-0000-000000077975,OTHERS,562.0376835097953,3010.959914656306,MIA
315975827.26022434,00000000-0000-0000-0000-000000077953,OTHERS,500.8458276342673,3008.285360651888,MIA
315975827.3676634,00000000-0000-0000-0000-000000000000,AV,537.4991783547523,2978.6642708111267,MIA
315975827.3676634,00000000-0000-0000-0000-000000077719,AGENT,541.7065556410696,2961.0734281301234,MIA
315975827.3676634,00000000-0000-0000-0000-000000077827,OTHERS,542.7508892710056,2928.9713973137677,MIA
315975827.3676634,00000000-0000-0000-0000-000000077948,OTHERS,514.2603591260245,3007.688068997196,MIA
315975827.3676634,00000000-0000-0000-0000-000000077951,OTHERS,507.99872505568413,3007.8875961869458,MIA
315975827.3676634,00000000-0000-0000-0000-000000078046,OTHERS,546.115948902401,2954.7266157312024,MIA
315975827.3676634,00000000-0000-0000-0000-000000078048,OTHERS,532.1667952990443,2964.119656248696,MIA
315975827.3676634,00000000-0000-0000-0000-000000077930,OTHERS,541.2645451529016,2981.773047458792,MIA
315975827.3676634,00000000-0000-0000-0000-000000077770,OTHERS,542.6447595472744,2944.1285104733643,MIA
315975827.3676634,00000000-0000-0000-0000-000000077854,OTHERS,538.3502263009307,2949.107403998862,MIA
315975827.3676634,00000000-0000-0000-0000-000000078006,OTHERS,543.8623986168068,2894.6478362407543,MIA
315975827.3676634,00000000-0000-0000-0000-000000078019,OTHERS,548.6745523984223,3071.7132248963576,MIA
315975827.3676634,00000000-0000-0000-0000-000000077960,OTHERS,538.6813048865588,3031.291661247042,MIA
315975827.3676634,00000000-0000-0000-0000-000000078037,OTHERS,550.0789663343988,2948.870609341019,MIA
315975827.3676634,00000000-0000-0000-0000-000000078026,OTHERS,559.4629210779343,2927.425280576201,MIA
315975827.3676634,00000000-0000-0000-0000-000000077996,OTHERS,544.3153866817654,2879.9599512342606,MIA
315975827.3676634,00000000-0000-0000-0000-000000077975,OTHERS,562.0376835097953,3010.959914656306,MIA
315975827.3676634,00000000-0000-0000-0000-000000077953,OTHERS,501.0947665226281,3008.3364432396006,MIA
